Modified Name,Proteins,Carbs,Fats,Fiber,Item Details
"Frozen Shrimp Paste, Grade AAA",16.7 g,6.6 g,2.4 g,0.0 g,150.0 g - 112 Cal
Anapakaya Aava Kura,0.8 g,3.8 g,4.1 g,2.4 g,100.0 g - 55 Cal
Aashirvad LG Aata Roti,4.1 g,17.9 g,0.5 g,4.1 g,35.0 g - 93 Cal
Anapakaya Aava Koora,0.8 g,3.8 g,4.1 g,2.4 g,100.0 g - 55 Cal
Aashirvad Low GI Aata Roti,4.1 g,17.9 g,0.5 g,4.1 g,35.0 g - 93 Cal
Aashirvad Low GI Aata Chapati,4.1 g,17.9 g,0.5 g,4.1 g,35.0 g - 93 Cal
Aavalu,0.6 g,0.7 g,1.1 g,0.4 g,2.8 g - 15 Cal
Aayate,1.7 g,17.1 g,4.6 g,0.3 g,70.0 g - 116 Cal
Aab Gosht,12.7 g,4.5 g,12.9 g,1.0 g,150.0 g - 184 Cal
Aab Shola,1.1 g,31.0 g,0.5 g,2.2 g,250.0 ml - 123 Cal
Dal Be Aab,3.8 g,10.6 g,11.7 g,2.3 g,100.0 g - 162 Cal
Hyderabadi Aab Shola,1.1 g,31.0 g,0.5 g,2.2 g,250.0 ml - 123 Cal
"Hajmola Albela Aam Candy, Dabur",0.0 g,2.5 g,0.0 g,0.0 g,2.7 g - 10 Cal
Aambil,1.7 g,2.3 g,4.5 g,0.4 g,150.0 g - 56 Cal
Arbi Kabab,1.9 g,11.3 g,5.3 g,1.6 g,50.0 g - 100 Cal
"Malai Paneer, Aabad Dairy",37.0 g,5.0 g,50.0 g,0.0 g,200.0 g - 618 Cal
Bijora Aachar,0.1 g,1.2 g,0.4 g,0.2 g,5.0 g - 5 Cal
"Sathu Mavu, Aachi",0.5 g,3.5 g,0.2 g,0.5 g,5.0 g - 17 Cal
"Garam Masala, Aachi",0.4 g,1.3 g,0.4 g,0.0 g,3.0 g - 10 Cal
"Badam Drink Mix, Aachi",0.2 g,4.1 g,0.2 g,0.0 g,5.0 g - 19 Cal
Aanchar,0.0 g,0.1 g,0.0 g,0.0 g,1.0 g - 1 Cal
"Egg Curry Masala, Aachi",0.5 g,1.6 g,0.4 g,0.0 g,3.0 g - 11 Cal
"Pudhina Thokku, Aachi",0.2 g,2.5 g,0.8 g,0.0 g,5.0 g - 18 Cal
Aadu,1.2 g,12.4 g,0.3 g,2.0 g,130.0 g - 51 Cal
Aadoo,1.6 g,13.7 g,0.4 g,2.1 g,130.0 g - 65 Cal
Aadu Pak,0.1 g,6.3 g,1.1 g,0.2 g,10.0 g - 35 Cal
Aadi Kool,3.0 g,21.4 g,1.6 g,3.0 g,150.0 g - 112 Cal
Aadoo Sorbet,0.7 g,12.8 g,0.2 g,1.0 g,66.0 g - 55 Cal
Aadi Kummayam,4.4 g,30.3 g,10.7 g,2.0 g,130.0 g - 235 Cal
Aadi Kolakattai,0.3 g,3.0 g,0.4 g,0.2 g,15.0 g - 17 Cal
Aadi Kolukattai,0.3 g,3.0 g,0.4 g,0.2 g,15.0 g - 17 Cal
Aamer Dal,6.1 g,19.7 g,2.6 g,3.2 g,150.0 g - 124 Cal
Aamer Tok,0.8 g,28.5 g,6.4 g,1.3 g,150.0 g - 167 Cal
Aaley Pak,0.2 g,12.4 g,0.4 g,0.4 g,20.0 g - 52 Cal
Aalepak,0.2 g,12.4 g,0.4 g,0.4 g,20.0 g - 52 Cal
Aate ka Upma,3.9 g,19.4 g,4.2 g,3.4 g,130.0 g - 130 Cal
Aate ki Raab,0.5 g,10.2 g,5.4 g,0.5 g,150.0 g - 91 Cal
Aate ki Pinni,1.9 g,18.7 g,6.4 g,1.7 g,30.0 g - 139 Cal
Aate ki Kadhi,1.9 g,4.0 g,4.7 g,1.0 g,150.0 g - 65 Cal
"Devgad Alphonso Aam Ras, Aazol",0.1 g,2.9 g,0.1 g,0.0 g,15.0 g - 12 Cal
"Laffy Taffy Banana Candy, Ferrara",0.0 g,8.3 g,0.5 g,0.0 g,9.6 g - 36 Cal
"Laffy Taffy Candy, Banana, Ferrara",0.0 g,8.3 g,0.5 g,0.0 g,9.6 g - 36 Cal
"Zart Waffeln, Wiener Kaffee, Manner",0.9 g,8.5 g,3.4 g,0.4 g,14.0 g - 68 Cal
"Hummus, Naf Naf",2.5 g,6.0 g,12.5 g,2.0 g,50.0 g - 140 Cal
Aagasta,0.0 g,0.1 g,0.0 g,0.0 g,3.0 g - 1 Cal
Aagri Chicken,15.9 g,3.1 g,10.3 g,1.5 g,150.0 g - 169 Cal
Aam Agar Agar Pudding,2.4 g,18.8 g,2.9 g,0.8 g,150.0 g - 109 Cal
Nagasari Jagung,0.9 g,10.2 g,4.8 g,0.7 g,36.0 g - 83 Cal
Kue Nagasari Jagung,0.9 g,10.2 g,4.8 g,0.7 g,36.0 g - 83 Cal
Nagasari Jagung Manis,0.9 g,10.2 g,4.8 g,0.7 g,36.0 g - 83 Cal
"Aahana's Bombay Masala Rice & Lentil Bowl, YSS Foods",15.0 g,49.0 g,7.0 g,2.0 g,65.0 g - 320 Cal
Aalu ra Dahi ko Achar,2.1 g,6.2 g,8.5 g,1.5 g,83.0 g - 107 Cal
Aashirvaad Svasti Dahi,0.6 g,1.0 g,0.5 g,0.0 g,15.0 g - 11 Cal
"Aashirvaad Svasti Dahi, ITC",0.6 g,1.0 g,0.5 g,0.0 g,15.0 g - 11 Cal
Aarhoo,1.6 g,13.7 g,0.4 g,2.1 g,130.0 g - 65 Cal
Aaridi,1.7 g,40.8 g,2.7 g,1.4 g,150.0 g - 196 Cal
"Ghee, Aavin",0.0 g,0.0 g,3.1 g,0.0 g,3.1 g - 28 Cal
Aani Basar,4.8 g,15.5 g,12.9 g,3.7 g,100.0 g - 197 Cal
Aani ji Bhaji,3.7 g,12.6 g,5.5 g,2.7 g,100.0 g - 114 Cal
Aavin Milk 3.5% fat,7.5 g,12.5 g,10.0 g,0.0 g,250.0 ml - 163 Cal
"Paneer, Aavin",34.0 g,4.0 g,50.0 g,0.0 g,200.0 g - 602 Cal
Aaviri Kudumu,2.9 g,7.2 g,0.2 g,3.4 g,25.0 g - 42 Cal
"Aaj Specialli Sattu, Haldiram's",1.6 g,5.1 g,0.4 g,0.0 g,7.5 g - 30 Cal
"Aaj Specialli Macaroni, Haldiram's",10.3 g,82.0 g,1.1 g,0.0 g,105.0 g - 379 Cal
Bajar Aamti,7.7 g,22.0 g,8.7 g,5.4 g,150.0 g - 196 Cal
Aam Ras Fajeta,2.6 g,12.2 g,6.2 g,2.0 g,150.0 g - 117 Cal
Uppad Pachir Aajadina,1.2 g,17.1 g,3.3 g,1.2 g,100.0 g - 95 Cal
Aam ras Fajitha,2.6 g,12.2 g,6.2 g,2.0 g,150.0 g - 117 Cal
Gajar Aam Juice,1.4 g,27.3 g,0.6 g,5.8 g,250.0 ml - 120 Cal
Aaku Kura,0.2 g,0.3 g,0.1 g,0.3 g,10.0 g - 3 Cal
Aam,2.0 g,56.8 g,1.4 g,6.7 g,336.0 g - 249 Cal
Aam Dal,6.1 g,19.7 g,2.6 g,3.2 g,150.0 g - 124 Cal
Aar Mach,4.8 g,0.0 g,0.7 g,0.0 g,1.00 oz - 25 Cal
Aash-e Sholeh Ghalamkar,20.3 g,27.2 g,22.0 g,5.7 g,250.0 g - 385 Cal
Aashirvaad Select Atta,0.1 g,0.8 g,0.0 g,0.1 g,1.0 g - 4 Cal
"Aashirvaad Aloo Paratha, ITC",5.4 g,32.5 g,8.7 g,0.0 g,100.0 g - 230 Cal
Aata Gol Gappe,0.3 g,3.0 g,1.4 g,0.2 g,10.0 g - 25 Cal
Aatu Kaal Soup,13.6 g,2.5 g,3.8 g,0.6 g,150.0 g - 101 Cal
Aate ka Kheech,1.7 g,9.7 g,3.3 g,1.6 g,100.0 g - 76 Cal
Aate ki Mathri,1.8 g,10.0 g,6.1 g,1.6 g,25.0 g - 101 Cal
Aalukee,3.1 g,22.0 g,0.1 g,4.3 g,104.0 g - 101 Cal
Aaku Pappu,9.5 g,24.4 g,6.5 g,4.0 g,150.0 g - 194 Cal
Aaku Pakodi,3.7 g,17.0 g,7.5 g,1.9 g,78.0 g - 152 Cal
Aaku Kura Pappu,5.5 g,15.3 g,3.5 g,3.0 g,150.0 g - 114 Cal
Aaviri Kudumu with Oil,2.7 g,6.8 g,1.2 g,1.4 g,25.0 g - 49 Cal
Aavakaya (Hot Mango Pickle),0.5 g,2.0 g,2.3 g,0.9 g,15.0 g - 29 Cal
Aavaaram Moringa Rice Mix,0.6 g,1.5 g,0.1 g,0.4 g,3.0 g - 10 Cal
"Aavaaram Moringa Rice Mix, SRG Organic Foods",0.6 g,1.5 g,0.1 g,0.4 g,3.0 g - 10 Cal
"Paw Paw, Raw with skin",0.0 g,0.2 g,0.0 g,0.0 g,1.0 g - 0 Cal
Alwar ka Mawa,5.6 g,13.9 g,7.1 g,0.1 g,50.0 g - 139 Cal
Rawas Tawa Fry,23.4 g,8.1 g,10.0 g,2.5 g,125.0 g - 211 Cal
Aam Mawa Burfi,2.7 g,20.9 g,4.4 g,2.9 g,50.0 g - 134 Cal
"Fish, Maw, Dried, Raw",18.2 g,1.3 g,0.2 g,0.0 g,1.00 oz - 79 Cal
Raw Banana Tawa Fry,1.4 g,21.4 g,6.3 g,2.7 g,100.0 g - 139 Cal
"Black Garlic, Aaswad",0.3 g,1.0 g,0.0 g,0.0 g,2.8 g - 5 Cal
Sup Bayam Ayam,7.7 g,7.5 g,4.2 g,3.7 g,250.0 g - 98 Cal
Sup Ayam Bayam,7.7 g,7.5 g,4.2 g,3.7 g,250.0 g - 98 Cal
Cah Bayam Ayam,24.7 g,3.3 g,5.8 g,1.7 g,166.0 g - 164 Cal
Aalyachi Wadi,0.2 g,12.4 g,0.4 g,0.4 g,20.0 g - 52 Cal
Ayam Pedas Ayam Gaya Brunei,35.3 g,8.9 g,9.9 g,2.1 g,250.0 g - 259 Cal
Tumis Bayam Ayam,24.7 g,3.3 g,5.8 g,1.7 g,166.0 g - 164 Cal
Oseng Bayam Ayam,24.7 g,3.3 g,5.8 g,1.7 g,166.0 g - 164 Cal
"Dink Ladoo, Aazol",0.8 g,19.8 g,3.0 g,0.0 g,25.0 g - 109 Cal
"Mahua Ladoo, Aazol",3.9 g,15.6 g,3.0 g,0.0 g,25.0 g - 105 Cal
Vazha Pazham,0.6 g,12.8 g,0.2 g,0.9 g,47.0 g - 55 Cal
"Khobra Kaakvi Chikki, Aazol",0.8 g,21.4 g,1.5 g,0.0 g,25.0 g - 102 Cal
Maaza Aam Panna,0.0 g,35.8 g,0.0 g,0.0 g,250.0 ml - 143 Cal
Vazha Pazham Ada,1.6 g,26.7 g,2.0 g,1.3 g,50.0 g - 131 Cal
"Pure Gharwala A2 Desi Cow Ghee, Aazol",0.0 g,0.0 g,3.1 g,0.0 g,3.1 g - 28 Cal
Abalone,0.2 g,0.1 g,0.0 g,0.0 g,1.0 g - 1 Cal
Abacate,5.9 g,3.5 g,27.9 g,13.5 g,201.0 g - 290 Cal
Abacaxi,3.6 g,97.7 g,0.9 g,25.4 g,905.0 g - 416 Cal
Abaichisheng,0.2 g,0.4 g,0.0 g,0.0 g,5.5 g - 2 Cal
Abalone Sushi,4.9 g,12.0 g,0.2 g,0.0 g,60.0 g - 73 Cal
Abalone Sauce,0.1 g,1.1 g,0.0 g,0.2 g,4.0 g - 5 Cal
Abalone Yusheng,2.5 g,10.7 g,6.7 g,1.6 g,100.0 g - 109 Cal
Abalone Porridge,6.2 g,17.2 g,1.9 g,0.7 g,250.0 g - 112 Cal
ABB Pure Pro 50,3.2 g,0.5 g,0.3 g,0.1 g,1.00 oz - 16 Cal
Abb Pure Pro Whey protein,16.2 g,7.3 g,2.0 g,0.0 g,1.00 oz - 113 Cal
ABB pure pro 50 (protein shake),50.0 g,7.0 g,1.0 g,1.0 g,420.0 g - 260 Cal
Abbrony,16.2 g,3.3 g,0.7 g,0.0 g,112.0 g - 84 Cal
Abbzorb BCAA 2:1:1,0.0 g,0.6 g,0.0 g,0.0 g,8.0 g - 2 Cal
"Prosure, Abbott",3.2 g,9.7 g,1.2 g,0.5 g,15.0 g - 60 Cal
"Glucerna SR, Abbott",5.7 g,15.3 g,4.1 g,1.0 g,1.00 oz - 116 Cal
"Pediasure, Abbott",0.0 g,0.1 g,0.1 g,0.0 g,1.0 g - 1 Cal
ABC,0.0 g,0.0 g,0.0 g,0.0 g,1.0 g - 0 Cal
ABC Soup,10.7 g,11.0 g,1.4 g,1.8 g,250.0 g - 101 Cal
Abc Buah,1.2 g,30.5 g,0.9 g,0.1 g,130.0 g - 132 Cal
ABC Juice,1.7 g,17.8 g,0.4 g,6.6 g,250.0 ml - 81 Cal
ABC Salad,1.6 g,17.9 g,2.9 g,5.9 g,166.0 g - 104 Cal
ABC Congee,5.9 g,20.1 g,7.2 g,1.2 g,250.0 g - 170 Cal
ABC Butter,2.3 g,1.8 g,6.9 g,0.9 g,12.0 g - 76 Cal
ABC Smoothie,1.0 g,19.2 g,0.5 g,5.0 g,250.0 ml - 85 Cal
"Bio Abobora Jam, No Added Sugar, Prisca",0.0 g,3.3 g,0.0 g,0.0 g,6.7 g - 14 Cal
Crab and Abalone Soup,18.5 g,10.8 g,4.2 g,1.0 g,350.0 g - 159 Cal
Abuk Abuk,0.4 g,14.5 g,2.4 g,0.9 g,37.0 g - 81 Cal
Abalone and Fish Maw Soup,24.2 g,6.8 g,4.3 g,0.7 g,250.0 g - 165 Cal
"Keropok Sira Berlada, MD Noor Abdul Aziz",5.8 g,50.3 g,21.0 g,0.0 g,80.0 g - 413 Cal
Kuih Abuk Abuk,0.4 g,14.5 g,2.4 g,0.9 g,37.0 g - 81 Cal
Chilli and Garlic Abalone,18.8 g,9.9 g,18.3 g,1.0 g,166.0 g - 284 Cal
Arepa de Avena,2.3 g,18.4 g,1.2 g,2.1 g,60.0 g - 92 Cal
"Sugar Less Peanut Butter, ABEE'S",1.3 g,2.0 g,2.7 g,0.3 g,5.3 g - 28 Cal
"Organic Semi-Skimmed Milk, Abel & Cole",8.8 g,11.8 g,4.3 g,0.0 g,250.0 ml - 115 Cal
"Organic Milk, Semi-Skimmed, Abel & Cole",8.8 g,11.8 g,4.3 g,0.0 g,250.0 ml - 115 Cal
"Minuman Buah, Apel, ABC",0.0 g,29.0 g,0.0 g,0.0 g,250.0 ml - 120 Cal
"Organic Semi-Skimmed Milk, Abel and Cole",8.8 g,11.8 g,4.3 g,0.0 g,250.0 ml - 115 Cal
"Organic Milk, Semi-Skimmed, Abel and Cole",8.8 g,11.8 g,4.3 g,0.0 g,250.0 ml - 115 Cal
Arem-Arem,5.9 g,22.0 g,9.4 g,1.1 g,100.0 g - 192 Cal
Abon,1.6 g,1.6 g,1.2 g,0.0 g,4.6 g - 23 Cal
Sup ABC,10.7 g,11.0 g,1.4 g,1.8 g,250.0 g - 101 Cal
Abjosh,0.0 g,0.4 g,0.0 g,0.0 g,0.5 g - 1 Cal
Abgoosht,21.6 g,26.4 g,13.4 g,5.6 g,250.0 g - 309 Cal
Abgoosht-e Morgh,23.2 g,26.4 g,6.5 g,5.6 g,250.0 g - 258 Cal
Konkani Abi Bhakri,4.1 g,15.2 g,3.8 g,2.2 g,50.0 g - 111 Cal
"Abiyuch, raw",0.0 g,0.2 g,0.0 g,0.1 g,1.0 g - 1 Cal
Abricot,0.4 g,4.1 g,0.1 g,0.7 g,35.0 g - 19 Cal
Absinthe,0.0 g,0.0 g,0.0 g,0.0 g,28.3 ml - 103 Cal
"Kecap Asin, ABC",0.3 g,0.3 g,0.0 g,0.0 g,5.0 ml - 7 Cal
"Purple Haze Lager Beer, Abita",1.8 g,11.0 g,0.0 g,0.0 g,354.9 ml - 128 Cal
"Noir ABINAO 85% Cacao, Valrhona",8.0 g,24.0 g,34.0 g,10.0 g,70.0 g - 440 Cal
"Mi Abalone, A1 Ak Koh",15.0 g,45.0 g,14.0 g,9.0 g,145.0 g - 360 Cal
"Abalone Noodle, A1 Ak Koh",15.0 g,45.0 g,14.0 g,9.0 g,145.0 g - 360 Cal
Mock Abalone,8.0 g,6.0 g,10.0 g,0.0 g,95.0 g - 146 Cal
Spicy Abalone,18.8 g,9.9 g,18.3 g,1.0 g,166.0 g - 284 Cal
Zuppa all Aglio,4.0 g,13.8 g,18.1 g,2.1 g,250.0 g - 231 Cal
"More Curd Rice, ABRL",4.9 g,36.2 g,4.5 g,0.0 g,275.0 g - 208 Cal
"Organic Almond Gum, ABNS Amirtham",1.1 g,1.1 g,2.5 g,0.0 g,5.0 g - 28 Cal
Amb,2.0 g,56.8 g,1.4 g,6.7 g,336.0 g - 249 Cal
"ABC Butter, Amazin' Graze",0.9 g,1.1 g,2.7 g,0.4 g,5.0 g - 30 Cal
Amba,2.4 g,33.9 g,0.3 g,10.1 g,336.0 g - 148 Cal
Abon Ikan Bandeng,11.9 g,18.7 g,13.0 g,0.7 g,100.0 g - 238 Cal
Abon Sapi,1.6 g,0.9 g,0.9 g,0.2 g,15.0 g - 18 Cal
Roti Abon,13.5 g,15.3 g,8.2 g,3.0 g,66.0 g - 187 Cal
Abon Ayam,2.1 g,0.4 g,0.6 g,0.1 g,10.0 g - 17 Cal
Roti Isi Abon,13.5 g,15.3 g,8.2 g,3.0 g,66.0 g - 187 Cal
Daging Abon,1.6 g,0.9 g,0.9 g,0.2 g,15.0 g - 18 Cal
Abood Shake,3.1 g,26.6 g,3.6 g,1.8 g,250.0 ml - 150 Cal
"Abon Sapi, Gloria",2.8 g,3.9 g,2.2 g,0.0 g,10.0 g - 47 Cal
Abon Daging Sapi,1.6 g,0.9 g,0.9 g,0.2 g,15.0 g - 18 Cal
"Abon Ayam, Gloria",3.7 g,3.1 g,2.1 g,0.0 g,10.0 g - 46 Cal
"Fruit Juice, Apple, ABC",0.0 g,29.0 g,0.0 g,0.0 g,250.0 ml - 120 Cal
Appe,0.8 g,4.1 g,1.4 g,0.4 g,20.0 g - 32 Cal
Appa,2.4 g,22.5 g,1.9 g,0.9 g,60.0 g - 116 Cal
"I'm the Jam, Ber,  Abrosaa",0.2 g,5.1 g,0.0 g,0.0 g,6.7 g - 21 Cal
"I'm the Ber Jam, Abrosaa",0.2 g,5.1 g,0.0 g,0.0 g,6.7 g - 21 Cal
Air Fried Arbi,3.7 g,20.7 g,2.4 g,4.8 g,100.0 g - 117 Cal
Abura Gyudon,31.0 g,82.2 g,35.3 g,3.3 g,478.0 g - 775 Cal
Arbi aur Dal Sabji,5.7 g,21.0 g,4.7 g,4.4 g,130.0 g - 146 Cal
"Absolute BCAA, Absolute Nutrition",6.5 g,0.0 g,0.0 g,0.0 g,13.0 g - 26 Cal
"Absolute Karboz, Absolute Nutrition",0.0 g,44.0 g,0.0 g,0.5 g,50.0 g - 176 Cal
"Absolute Shredder, Absolute Nutrition",0.0 g,0.0 g,0.0 g,0.0 g,1.0 g - 0 Cal
Absolut Cranberry,0.8 g,23.6 g,0.3 g,0.2 g,250.0 ml - 207 Cal
Absolute 3G Multivitamin,0.0 g,0.0 g,0.0 g,0.0 g,1.2 g - 0 Cal
"Absolut DM, Pharmed Limited",0.0 g,0.0 g,0.0 g,0.0 g,1.0 g - 0 Cal
"Absolute Gold Capsule, Pharmed",0.0 g,0.1 g,0.0 g,0.0 g,0.6 g - 0 Cal
Atta Bati,1.8 g,10.4 g,5.0 g,1.6 g,30.0 g - 94 Cal
Idli Batter Attu,3.0 g,18.2 g,4.2 g,1.6 g,78.0 g - 122 Cal
Atta Bathua Poori,3.4 g,19.0 g,7.3 g,3.0 g,50.0 g - 155 Cal
Bathua Oats Atta Roti,3.4 g,15.4 g,2.3 g,2.1 g,50.0 g - 96 Cal
"SimMom, Vanilla, Abott",2.5 g,8.6 g,0.1 g,0.0 g,12.5 g - 45 Cal
"PediaSure 7+, Vanilla, Abott",1.7 g,11.6 g,0.1 g,0.0 g,15.0 g - 55 Cal
Aburi Salmon Sushi,4.1 g,9.1 g,7.4 g,0.0 g,60.0 g - 129 Cal
Malu Abulthiyal,35.0 g,4.1 g,4.5 g,0.6 g,250.0 g - 182 Cal
Alugadda akulu,1.3 g,1.1 g,0.3 g,0.0 g,30.0 g - 12 Cal
"Food You Feel Good About Fresh Baby Arugula, Wegmans",0.5 g,0.8 g,0.0 g,0.3 g,21.3 g - 5 Cal
"Ayurvedic Latte, Amul",4.9 g,25.2 g,5.4 g,0.0 g,180.0 ml - 167 Cal
"Absolute Isorich Whey Protein, Chocolate, Avvatar",28.0 g,1.0 g,1.2 g,0.0 g,35.0 g - 126 Cal
"Absolute 100% Whey Protein Powder, Unflavoured, Avvatar",27.6 g,3.0 g,2.1 g,0.0 g,35.0 g - 141 Cal
"Absolute 100% Whey Protein, Belgian Chocolate, Avvatar",24.0 g,4.1 g,1.9 g,1.0 g,35.0 g - 129 Cal
"Abon Sapi Bawang, Gloria",2.7 g,4.0 g,2.3 g,0.0 g,10.0 g - 47 Cal
"Mi Instan Kuah, Ayam Bawang, ABC",6.0 g,40.0 g,13.0 g,3.0 g,65.0 g - 300 Cal
"Abon Sapi Bawang Pedas, Gloria",2.6 g,4.1 g,2.3 g,0.0 g,10.0 g - 48 Cal
"Mi Kuah Instan Cup, Ayam Bawang, ABC",7.0 g,35.0 g,13.0 g,4.0 g,60.0 g - 280 Cal
Acaraje,5.0 g,9.9 g,12.9 g,2.9 g,95.0 g - 173 Cal
Acassan,3.0 g,52.0 g,6.0 g,1.0 g,325.0 ml - 280 Cal
Acai Bowl,2.2 g,25.8 g,5.2 g,2.8 g,150.0 g - 226 Cal
Acar Buah,0.4 g,5.2 g,3.5 g,0.0 g,15.0 g - 54 Cal
Acar Timun,0.1 g,0.3 g,0.0 g,0.1 g,5.0 g - 2 Cal
Acar Sayur,0.1 g,1.4 g,0.7 g,0.2 g,15.0 g - 12 Cal
Acai Berry,0.0 g,0.0 g,0.0 g,0.0 g,1.0 g - 1 Cal
Acai Juice,0.0 g,0.1 g,0.0 g,0.0 g,1.0 ml - 0 Cal
Achari Arbi,1.2 g,30.8 g,9.9 g,5.4 g,100.0 g - 215 Cal
Arbi ka Achaar,0.1 g,0.8 g,0.1 g,0.1 g,10.0 g - 3 Cal
"Limcee Active Tablets, Abbott",0.1 g,0.2 g,0.0 g,0.0 g,0.5 g - 1 Cal
Amba Haldi Achar,0.3 g,2.4 g,0.6 g,0.9 g,5.0 g - 16 Cal
Ambazhanga Achar,0.1 g,1.7 g,0.7 g,0.0 g,15.0 g - 13 Cal
Food To Nourish Activated ABC Spread,3.7 g,4.9 g,9.1 g,1.5 g,20.0 g - 117 Cal
"Activated ABC Spread, Food To Nourish",3.7 g,4.9 g,9.1 g,1.5 g,20.0 g - 117 Cal
Acibadem Kurabiyesi,4.2 g,19.5 g,6.2 g,0.8 g,40.0 g - 148 Cal
Acchellu,1.7 g,2.3 g,3.9 g,1.5 g,9.0 g - 51 Cal
Acchar ka Masala,0.5 g,1.5 g,1.4 g,0.7 g,5.0 g - 19 Cal
"Juice, apple and grape blend, with added ascorbic acid",0.1 g,3.7 g,0.0 g,0.1 g,29.6 g - 15 Cal
"Juice, apple, grape and pear blend, with added ascorbic acid and calcium",0.1 g,3.8 g,0.0 g,0.1 g,29.6 g - 15 Cal
"Pear nectar, canned, with added ascorbic acid",0.0 g,4.7 g,0.0 g,0.2 g,29.6 g - 18 Cal
"Peach nectar, canned, with added ascorbic acid",0.1 g,4.1 g,0.0 g,0.2 g,29.6 g - 16 Cal
"Whey, Acid, Fuid",1.9 g,12.6 g,0.2 g,0.0 g,246.0 ml - 59 Cal
"Pear nectar, canned, without added ascorbic acid",0.0 g,4.7 g,0.0 g,0.2 g,29.6 g - 18 Cal
"Apricot nectar, canned, with added ascorbic acid",0.1 g,4.3 g,0.0 g,0.2 g,29.6 g - 17 Cal
"Peach nectar, canned, without added ascorbic acid",0.1 g,4.1 g,0.0 g,0.2 g,29.6 g - 16 Cal
"Ace Juice, Delmonte",0.4 g,25.0 g,0.0 g,0.4 g,200.0 ml - 102 Cal
ACE Baguette Bagel,8.0 g,50.0 g,4.5 g,2.0 g,102.0 g - 270 Cal
"ACE Baguette Bagel, Starbucks",8.0 g,50.0 g,4.5 g,2.0 g,102.0 g - 270 Cal
"ACE Cheddar & Onion Bialy, Starbucks",8.0 g,38.0 g,8.0 g,2.0 g,89.0 g - 250 Cal
"ACE Cheddar and Onion Bialy, Starbucks",8.0 g,38.0 g,8.0 g,2.0 g,89.0 g - 250 Cal
"Ace Minuman Susu Probiotik Kultur, Yakult",1.0 g,14.7 g,0.0 g,0.0 g,80.0 g - 62 Cal
"ACE Perry Hard Cider, California Cider Company",0.0 g,0.0 g,0.0 g,0.0 g,354.9 ml - 150 Cal
"Ace Light Minuman Susu Probiotik Kultur, Yakult",0.9 g,9.5 g,0.0 g,0.2 g,80.0 ml - 45 Cal
ACV,0.0 g,0.1 g,0.0 g,0.0 g,5.0 ml - 0 Cal
Acha,28.8 g,9.7 g,8.9 g,0.0 g,159.0 g - 234 Cal
Achar,0.1 g,0.5 g,0.9 g,0.2 g,5.0 g - 10 Cal
Acorn,1.8 g,11.5 g,6.8 g,0.0 g,1.00 oz - 110 Cal
Mi Aceh,11.4 g,24.8 g,8.8 g,2.6 g,250.0 g - 223 Cal
Achma,22.2 g,49.7 g,19.9 g,1.9 g,205.0 g - 466 Cal
Achaar,0.1 g,0.5 g,0.9 g,0.2 g,5.0 g - 10 Cal
Mie Aceh,11.4 g,24.8 g,8.8 g,2.6 g,250.0 g - 223 Cal
Angoor Achaar,0.1 g,0.7 g,1.1 g,0.2 g,5.0 g - 13 Cal
"Bingo Mad Angles, Achari Masti, ITC",1.9 g,20.2 g,9.7 g,0.0 g,33.0 g - 174 Cal
"Bingo! Mad Angles, Achari Masti, ITC",1.9 g,20.2 g,9.7 g,0.0 g,33.0 g - 174 Cal
Acheke,1.0 g,81.0 g,2.0 g,2.0 g,100.0 g - 340 Cal
Achwani,5.4 g,39.2 g,35.1 g,3.0 g,100.0 g - 491 Cal
Achiras,1.4 g,8.1 g,2.9 g,0.3 g,20.0 g - 64 Cal
Achappam,1.3 g,11.2 g,7.0 g,0.5 g,30.0 g - 111 Cal
Aci Goreng,0.2 g,8.0 g,2.2 g,0.0 g,20.0 g - 51 Cal
Acimuruku,0.8 g,6.1 g,4.3 g,0.2 g,18.0 g - 65 Cal
"Acini di Pepe, De Cecco",32.0 g,160.0 g,4.0 g,8.0 g,224.0 g - 800 Cal
Bakso Aci,9.0 g,35.3 g,1.8 g,1.3 g,250.0 g - 191 Cal
Tahu Aci Garing,2.5 g,6.6 g,10.6 g,0.5 g,50.0 g - 131 Cal
Pempek Aci Ikan,0.9 g,2.5 g,1.1 g,0.0 g,10.0 g - 23 Cal
Pempek Aci Ayam,0.9 g,2.5 g,1.3 g,0.0 g,10.0 g - 25 Cal
"Acnechio-OD Tablets, Senechio Pharma",0.5 g,0.5 g,0.0 g,0.0 g,1.2 g - 5 Cal
"Acnechio OD Tablets, Senechio Pharma",0.5 g,0.5 g,0.0 g,0.0 g,1.2 g - 5 Cal
"Acne Fighter Bubbly Effervescent Tablets, Mango, Plix",0.0 g,0.5 g,0.0 g,0.0 g,4.2 g - 2 Cal
Aconite bean,46.3 g,110.7 g,2.2 g,29.6 g,196.0 g - 647 Cal
"Ube Candy, Annie's",0.8 g,13.0 g,0.0 g,0.0 g,6.0 g - 55 Cal
"Langka Candy, Annie's",3.0 g,12.0 g,0.0 g,0.0 g,6.0 g - 60 Cal
Acorn stew (Apache),1.9 g,2.6 g,1.0 g,0.2 g,1.00 oz - 27 Cal
"Nuts, acorns, raw",1.8 g,11.6 g,6.8 g,0.0 g,1.00 oz - 110 Cal
"Nuts, acorns, dried",2.3 g,15.2 g,8.9 g,0.0 g,1.00 oz - 144 Cal
"Nuts, acorn flour, full fat",0.1 g,0.6 g,0.3 g,0.0 g,1.0 g - 5 Cal
"Squash, winter, acorn, raw",0.2 g,3.0 g,0.0 g,0.4 g,1.00 oz - 11 Cal
Aloo Achari,1.2 g,15.6 g,4.6 g,1.5 g,100.0 g - 108 Cal
"Vico Original Rich Coconut Milk, ACP",3.0 g,6.0 g,45.0 g,0.0 g,240.0 g - 450 Cal
"Vico Rich Coconut Milk, Original, ACP",3.0 g,6.0 g,45.0 g,0.0 g,240.0 g - 450 Cal
"Vico 16% - 19% Fat Coconut Milk, ACP",3.0 g,6.0 g,45.0 g,0.0 g,240.0 g - 450 Cal
"Apple Juice, Real Active",0.5 g,30.0 g,0.0 g,0.0 g,250.0 ml - 120 Cal
Apple Juice with ACV and Lime,0.5 g,32.6 g,1.2 g,7.2 g,250.0 ml - 120 Cal
"Active Fiber Complex, Apple, Herbalife",0.0 g,6.0 g,0.0 g,5.0 g,6.4 g - 15 Cal
Apple Juice with ACV and  Cinnamon Powder,0.6 g,34.6 g,1.3 g,9.1 g,250.0 ml - 150 Cal
Acerola,0.0 g,0.4 g,0.0 g,0.1 g,4.8 g - 2 Cal
Acar Tauge,3.8 g,17.4 g,0.3 g,2.5 g,166.0 g - 78 Cal
Acar Telur,9.9 g,13.5 g,18.3 g,1.8 g,166.0 g - 252 Cal
"Polpa de Acai, ASA",1.4 g,6.5 g,6.3 g,2.9 g,100.0 g - 88 Cal
"Achari Aloo, Ashoka",2.0 g,18.0 g,5.0 g,2.0 g,140.0 g - 130 Cal
Acar Limau Asli Utara,1.0 g,16.9 g,5.4 g,1.7 g,53.0 g - 119 Cal
"ACT II, Natural",0.2 g,1.1 g,0.6 g,0.2 g,2.0 g - 10 Cal
Act II Movie Theatre Butter Popcorn,4.9 g,37.8 g,22.4 g,6.3 g,70.0 g - 375 Cal
"Active Chia, OSN",0.7 g,1.2 g,1.1 g,1.2 g,3.2 g - 15 Cal
"Activate, Fast & Up",3.2 g,1.4 g,0.0 g,0.0 g,5.0 g - 18 Cal
"Activate, Unicity",0.0 g,0.4 g,0.0 g,0.0 g,1.0 g - 1 Cal
"Active Chia Seeds, OSN",0.7 g,1.2 g,1.1 g,1.2 g,3.2 g - 15 Cal
"Activia Laban, Danone",2.8 g,4.8 g,3.0 g,0.0 g,100.0 ml - 58 Cal
"Actifit 3X, Plain, Anlene",1.5 g,4.9 g,0.2 g,0.0 g,7.5 g - 28 Cal
Achu Vellam,0.2 g,47.5 g,0.1 g,0.0 g,50.0 g - 192 Cal
Bellam Achu,0.2 g,47.5 g,0.1 g,0.0 g,50.0 g - 192 Cal
Achumooda,0.1 g,0.1 g,0.0 g,0.0 g,1.0 g - 1 Cal
Achu Murukku,1.0 g,13.2 g,4.0 g,0.3 g,30.0 g - 93 Cal
Nuvvula Achu,0.7 g,5.1 g,1.8 g,0.6 g,8.3 g - 39 Cal
Kacha Kela Alu Achar,0.1 g,1.0 g,0.3 g,0.2 g,5.0 g - 7 Cal
Kakro Alu Pyaz ko Achar,0.1 g,0.8 g,0.4 g,0.1 g,5.0 g - 7 Cal
Pyaz Kakro Alu ko Achar,0.1 g,0.8 g,0.4 g,0.1 g,5.0 g - 7 Cal
ACV with Water,0.0 g,0.2 g,0.0 g,0.0 g,250.0 ml - 1 Cal
ACV with Honey,0.0 g,1.4 g,0.0 g,0.0 g,5.0 g - 6 Cal
ACV Rooibos Tea,0.1 g,3.7 g,0.0 g,0.2 g,180.0 ml - 10 Cal
ACV with Green Tea,0.0 g,0.2 g,0.0 g,0.0 g,180.0 ml - 1 Cal
ACV with Warm Water,0.0 g,0.2 g,0.0 g,0.0 g,250.0 ml - 1 Cal
ACV  with Lemon Water,0.0 g,0.8 g,0.0 g,0.0 g,250.0 ml - 3 Cal
ACV and Lemon in Water,0.0 g,0.8 g,0.0 g,0.0 g,250.0 ml - 3 Cal
Nimbu Ajwain Achar,0.1 g,0.6 g,0.3 g,0.2 g,5.0 g - 5 Cal
"Active Paneer, AyuFarms",68.0 g,0.0 g,12.0 g,0.0 g,200.0 g - 380 Cal
Ada,0.1 g,0.3 g,0.0 g,0.1 g,2.0 g - 1 Cal
Ada Dosa,3.4 g,15.2 g,4.6 g,1.6 g,50.0 g - 115 Cal
Ada Payasam,3.1 g,39.5 g,9.5 g,1.0 g,150.0 g - 252 Cal
Ada Pradhaman,3.1 g,39.5 g,9.5 g,1.0 g,150.0 g - 252 Cal
Ada Hengu Khechudi,2.7 g,20.2 g,3.7 g,1.1 g,124.0 g - 125 Cal
Adai,3.4 g,15.2 g,4.6 g,1.6 g,50.0 g - 115 Cal
Adavu,38.4 g,0.2 g,11.5 g,0.0 g,198.0 g - 257 Cal
Adasi,8.8 g,19.4 g,9.3 g,4.9 g,250.0 g - 203 Cal
Pork Adobo,17.4 g,2.5 g,7.3 g,0.1 g,125.0 g - 145 Cal
Beef Adobo,40.3 g,8.8 g,10.4 g,0.6 g,250.0 g - 291 Cal
Adobo Rice,4.5 g,48.4 g,4.4 g,2.2 g,206.0 g - 261 Cal
Fish Adobo,31.0 g,0.8 g,6.6 g,0.1 g,166.0 g - 188 Cal
Duck Adobo,22.4 g,5.0 g,41.6 g,0.5 g,216.0 g - 481 Cal
Squid Adobo,18.8 g,6.7 g,7.6 g,1.0 g,166.0 g - 176 Cal
Adobo Tsofi,22.6 g,1.5 g,16.1 g,0.2 g,166.0 g - 253 Cal
Adobo Chofi,22.6 g,1.5 g,16.1 g,0.2 g,166.0 g - 253 Cal
Adrak Achar,0.1 g,0.3 g,1.0 g,0.1 g,5.0 g - 10 Cal
Adukale Instant Adai Dose Mix,5.0 g,15.0 g,1.0 g,2.0 g,35.0 g - 93 Cal
Haldi Adrak Achar,0.1 g,0.9 g,2.2 g,0.3 g,5.0 g - 23 Cal
Adrak Lehsan ka Achar,0.1 g,0.6 g,1.8 g,0.1 g,5.0 g - 19 Cal
Wheat Adai Adai,1.6 g,10.5 g,5.3 g,1.9 g,50.0 g - 94 Cal
Adda,0.3 g,0.3 g,0.3 g,0.0 g,1.0 g - 5 Cal
Adda seed (kernel),0.3 g,0.3 g,0.3 g,0.0 g,1.0 g - 5 Cal
Adda stir fry noodles,3.0 g,21.6 g,5.4 g,0.0 g,150.0 g - 150 Cal
"Additions Coconut and Raisin Biscuit, Weetabix",2.1 g,13.4 g,1.2 g,2.8 g,21.6 g - 78 Cal
"AddMe Glazed Bamboo Murabba, VPS Foods",0.0 g,3.9 g,0.0 g,0.0 g,5.0 g - 16 Cal
"AddMe Murabba, Glazed Bamboo, VPS Foods",0.0 g,3.9 g,0.0 g,0.0 g,5.0 g - 16 Cal
"Additional Creatine High Protein Blend, Luxury Chocolate, Muscle Matrix",17.7 g,9.0 g,1.5 g,0.0 g,30.0 g - 120 Cal
Salad Days Add On Salsa,0.6 g,4.0 g,1.6 g,0.8 g,50.0 g - 29 Cal
Adeni Tea,4.2 g,12.7 g,4.8 g,0.3 g,180.0 ml - 106 Cal
Ades Soup,14.6 g,37.6 g,0.5 g,6.0 g,250.0 g - 213 Cal
Peach Ade,0.0 g,23.3 g,0.0 g,0.0 g,250.0 ml - 95 Cal
"Kombucha, Pomegranate, Health-Ade",0.0 g,9.0 g,0.0 g,0.0 g,237.0 ml - 40 Cal
"Pomegranate Kombucha, Health-Ade",0.0 g,9.0 g,0.0 g,0.0 g,237.0 ml - 40 Cal
"Kombucha, Power Greens, Health-Ade",0.0 g,9.0 g,0.0 g,0.0 g,237.0 ml - 40 Cal
"Power Greens Kombucha, Health-Ade",0.0 g,9.0 g,0.0 g,0.0 g,237.0 ml - 40 Cal
"Ginger Ade Carbonated  Flavoured Drink, F&N",0.0 g,12.3 g,0.0 g,0.0 g,250.0 ml - 50 Cal
Adu,0.1 g,0.3 g,0.0 g,0.1 g,2.0 g - 1 Cal
Ela Ada,1.9 g,28.3 g,4.7 g,1.6 g,80.0 g - 165 Cal
Adrak,0.1 g,0.3 g,0.0 g,0.1 g,2.0 g - 1 Cal
"Adgain Capsules, Cipla",0.1 g,0.0 g,0.0 g,0.0 g,0.3 g - 0 Cal
"Adgain Plus Capsules, Cipla",0.1 g,0.0 g,0.0 g,0.0 g,0.3 g - 0 Cal
"Adgain Nutritional Hair Supplement Capsules, Cipla",0.1 g,0.0 g,0.0 g,0.0 g,0.3 g - 0 Cal
"Adgain Plus Nutritional Hair Supplement Capsules, Cipla",0.1 g,0.0 g,0.0 g,0.0 g,0.3 g - 0 Cal
Adharsam,1.6 g,18.0 g,4.0 g,0.5 g,30.0 g - 113 Cal
Adhirasam,1.3 g,19.4 g,6.8 g,0.5 g,40.0 g - 144 Cal
"Adhaki, dhal",43.9 g,113.5 g,3.4 g,17.9 g,197.0 g - 660 Cal
Baked Adhirasam,1.5 g,22.2 g,2.0 g,0.6 g,40.0 g - 112 Cal
Thinai Adhirasam,1.1 g,14.4 g,7.3 g,0.8 g,40.0 g - 128 Cal
Air Fried Adhirasam,1.5 g,22.2 g,2.0 g,0.6 g,40.0 g - 112 Cal
Karupatti Adhirasam,1.4 g,18.6 g,6.8 g,0.5 g,40.0 g - 141 Cal
Adike,0.2 g,1.4 g,0.1 g,0.0 g,3.0 g - 7 Cal
Adityalu,0.1 g,0.1 g,0.0 g,0.0 g,1.0 g - 1 Cal
Adina halu,8.1 g,11.2 g,11.0 g,0.0 g,244.0 ml - 176 Cal
Aditya bhakta,19.0 g,28.2 g,6.5 g,7.5 g,340.0 g - 248 Cal
"Adicto Chocolate with Hazelnuts, ETi",2.7 g,13.7 g,11.3 g,1.3 g,30.0 g - 170 Cal
"Adivit CZ Chewable Tablet, Orange, Leeford",0.0 g,0.0 g,0.0 g,0.0 g,0.4 g - 0 Cal
Verum Arisi Adai,1.0 g,9.6 g,2.9 g,0.1 g,40.0 g - 69 Cal
Varagu Arisi Adai,2.7 g,12.2 g,4.5 g,1.9 g,50.0 g - 100 Cal
Adjika,0.1 g,0.3 g,0.0 g,0.1 g,5.0 g - 2 Cal
Adrak Tulsi Ajwain ki Chai,2.8 g,6.8 g,3.5 g,0.6 g,180.0 ml - 69 Cal
Akkara Adisil,4.6 g,20.1 g,7.5 g,0.4 g,100.0 g - 163 Cal
Adakka,0.2 g,1.4 g,0.1 g,0.0 g,3.0 g - 7 Cal
"Organic Aduki Beans in Water, No Added Salt, Epicure",14.2 g,31.2 g,0.0 g,11.0 g,240.0 g - 211 Cal
"Organic Aduki Beans in Water with No Added Salt, Epicure",14.2 g,31.2 g,0.0 g,11.0 g,240.0 g - 211 Cal
"Adukale Instant Adai Dose Mix, Sankethi Nutriments",5.0 g,15.0 g,1.0 g,2.0 g,35.0 g - 93 Cal
"Adukale Instant Dose Mix, Adai, Sankethi Nutriments",5.0 g,15.0 g,1.0 g,2.0 g,35.0 g - 93 Cal
Adlai,0.2 g,0.6 g,0.1 g,0.1 g,1.0 g - 4 Cal
Adai Idli,3.4 g,13.8 g,2.0 g,1.6 g,50.0 g - 86 Cal
Adraki Dal,6.6 g,18.3 g,2.6 g,3.2 g,150.0 g - 122 Cal
Dalia Adai,2.8 g,13.3 g,1.2 g,1.1 g,50.0 g - 75 Cal
Daliya Adai,2.8 g,13.3 g,1.2 g,1.1 g,50.0 g - 75 Cal
Mixed Dal Adai,3.4 g,15.2 g,4.6 g,1.6 g,50.0 g - 115 Cal
Adad Dal nu Shaak,7.3 g,18.6 g,3.4 g,4.1 g,150.0 g - 134 Cal
"Adrak Doodh, Amul",4.0 g,15.6 g,5.9 g,0.0 g,125.0 ml - 131 Cal
Adonda,0.1 g,0.1 g,0.0 g,0.0 g,1.0 g - 1 Cal
Adondai,0.1 g,0.1 g,0.0 g,0.0 g,1.0 g - 1 Cal
Shai Adeni,4.2 g,12.7 g,4.8 g,0.3 g,180.0 ml - 106 Cal
Green Tea with Adrak and Gur,0.1 g,5.1 g,0.1 g,0.3 g,180.0 ml - 21 Cal
Adana Kebab,16.3 g,1.8 g,27.6 g,0.4 g,120.0 g - 324 Cal
Moringa Leaves and Ragi Adai,3.1 g,24.6 g,7.1 g,4.6 g,100.0 g - 174 Cal
Adouri,0.5 g,1.1 g,0.0 g,0.3 g,3.0 g - 7 Cal
Adobong Mani,19.1 g,21.6 g,35.3 g,8.3 g,88.0 g - 480 Cal
Adouri Curry,4.9 g,14.4 g,4.5 g,3.5 g,150.0 g - 117 Cal
"Zippy Chicken Spicy Hot Wings, ADP Processed Foods",5.1 g,2.5 g,2.2 g,0.0 g,28.0 g - 50 Cal
"Zippy Red Spicy Chicken Sausage, ADP Processed Foods",4.5 g,7.4 g,1.7 g,0.0 g,35.7 g - 74 Cal
No Sugar Added Apple Sauce,0.0 g,1.8 g,0.0 g,0.1 g,15.0 g - 7 Cal
"Apple Cinnamon Bar,Advobar",15.0 g,24.0 g,4.5 g,3.0 g,50.0 g - 190 Cal
Salad Days Add On Washington Apple,0.1 g,6.3 g,0.1 g,1.2 g,50.0 g - 26 Cal
"No Added Sugar 100% Apple Juice, Lacnor",0.6 g,29.2 g,3.8 g,0.4 g,250.0 ml - 120 Cal
"Bio Apple Puree, No Added Sugar, Prisca",0.0 g,0.8 g,0.0 g,0.0 g,5.0 g - 3 Cal
"No Added Sugar 100% Juice, Apple, Marigold",0.0 g,30.0 g,0.0 g,2.0 g,250.0 ml - 125 Cal
Adraki Arhar Dal,6.6 g,18.3 g,2.6 g,3.2 g,150.0 g - 122 Cal
Adrak Pani,0.0 g,0.1 g,0.0 g,0.1 g,180.0 ml - 1 Cal
Adrak Paak,0.1 g,6.3 g,1.1 g,0.2 g,10.0 g - 35 Cal
Adrak Soup,1.7 g,6.6 g,0.5 g,2.6 g,150.0 ml - 37 Cal
Adrak Roti,2.7 g,15.7 g,0.4 g,2.6 g,35.0 g - 77 Cal
Adrak Nimbu aur Shahad Pani,0.1 g,6.3 g,0.0 g,0.1 g,180.0 ml - 25 Cal
Roz we Ads bl Basal el Mehamar,10.3 g,44.1 g,7.6 g,6.5 g,289.0 g - 284 Cal
Adas Polow,4.4 g,30.8 g,1.4 g,2.5 g,124.0 g - 152 Cal
Adas bil Hamod,11.5 g,28.7 g,1.9 g,7.8 g,250.0 g - 176 Cal
Shorbat Adas,3.1 g,10.8 g,2.6 g,2.3 g,150.0 g - 79 Cal
"No Added Sugar Muesli, Fruit & Nut, ASDA",4.0 g,24.0 g,3.4 g,2.9 g,40.0 g - 149 Cal
"Ultra Low Carb Atta, Ador Health",46.8 g,34.2 g,22.8 g,16.2 g,120.0 g - 475 Cal
Wheat Dates Ada,3.1 g,24.8 g,3.1 g,4.3 g,80.0 g - 140 Cal
Adobong Atay,7.5 g,0.3 g,2.1 g,0.0 g,44.0 g - 52 Cal
"DiabeSmart Atta Additive, Bajo Foods",17.3 g,79.6 g,18.0 g,55.7 g,120.0 g - 549 Cal
Advocaat,4.0 g,32.6 g,6.7 g,0.0 g,121.0 ml - 361 Cal
Advikakra,0.6 g,6.0 g,0.1 g,0.0 g,93.0 g - 27 Cal
Advikakra Fry,0.6 g,6.0 g,11.7 g,0.3 g,100.0 g - 132 Cal
"Advance Malt Gainer, Advance Nutratech",7.5 g,30.0 g,1.1 g,0.0 g,50.0 g - 200 Cal
"Advance Lean Mass Gainer,  Advance Nutratech",8.8 g,21.0 g,0.8 g,0.0 g,35.0 g - 140 Cal
"Advanced Muscle Gainer, Rich Chocolate, Avvatar",25.5 g,24.0 g,2.5 g,0.6 g,60.0 g - 222 Cal
"Advanced Mass Gainer, Chocolate Delite, Avvatar",12.8 g,38.0 g,1.5 g,0.6 g,60.0 g - 218 Cal
"Advance Weight Gainer, Chocolate Fudge, Advance Nutratech",8.3 g,23.1 g,1.3 g,0.7 g,33.0 g - 127 Cal
Adzuki Bean,39.2 g,123.9 g,1.1 g,25.0 g,197.0 g - 648 Cal
Adzuki Bread,6.1 g,42.7 g,8.3 g,2.2 g,100.0 g - 269 Cal
Adzuki Bean Wajik,1.6 g,9.5 g,1.8 g,0.1 g,25.0 g - 60 Cal
Adzuki Milkshake,8.8 g,23.0 g,8.3 g,2.3 g,250.0 ml - 199 Cal
Adzuki Bean Paste Yogurt,20.7 g,30.9 g,10.8 g,0.8 g,250.0 g - 304 Cal
Boiled Adzuki Beans,17.3 g,57.0 g,0.2 g,16.8 g,230.0 g - 294 Cal
Matcha Adzuki Bean Swiss Roll,4.5 g,13.9 g,10.5 g,0.7 g,72.2 g - 171 Cal
"Beans, adzuki, mature seeds, raw",5.6 g,17.8 g,0.2 g,3.6 g,1.00 oz - 93 Cal
"Seasons Ice Peach Tea, F&N",0.0 g,12.5 g,0.0 g,0.0 g,250.0 ml - 50 Cal
"Real Brewed Subtly Sweet Peach Tea, Pure Leaf",0.0 g,4.6 g,0.0 g,0.0 g,498.5 ml - 18 Cal
"Seal, bearded (Oogruk), meat, raw (Alaska Native)",7.6 g,0.0 g,0.1 g,0.0 g,1.00 oz - 31 Cal
"Seal, bearded (Oogruk), meat, dried (Alaska Native)",23.4 g,0.0 g,0.7 g,0.0 g,1.00 oz - 100 Cal
"Lean Green Tea, Exotic Peach, The Healthy Company",0.5 g,1.2 g,0.0 g,0.0 g,2.0 g - 3 Cal
"Iced Black Tea, The Coffee Bean & Tea Leaf",0.0 g,1.0 g,0.0 g,0.0 g,354.0 ml - 5 Cal
"Olive Leaf Mint Tea, Seagate",0.0 g,1.0 g,0.0 g,0.0 g,1.5 g - 5 Cal
"Seal, bearded (Oogruk), meat, dried, in oil (Alaska Native)",10.0 g,0.0 g,7.1 g,0.0 g,1.00 oz - 104 Cal
Arbi Kebab,1.9 g,11.3 g,5.3 g,1.6 g,50.0 g - 100 Cal
Bebola Ayam Rebus,2.6 g,0.7 g,1.6 g,0.0 g,20.0 g - 27 Cal
Bebola Ikan Rebus,7.1 g,0.3 g,0.6 g,0.1 g,38.0 g - 35 Cal
Bebek Telur Rebus,8.9 g,1.0 g,9.6 g,0.0 g,70.0 g - 129 Cal
Lebanese Kebabs,39.4 g,49.5 g,39.6 g,3.3 g,358.0 g - 708 Cal
Aedi small,2.4 g,1.9 g,2.1 g,0.0 g,21.0 g - 35 Cal
Acelga,0.7 g,1.4 g,0.1 g,0.6 g,36.0 g - 7 Cal
"Kecap Manis, ABC",0.0 g,5.0 g,0.0 g,0.0 g,5.0 ml - 21 Cal
"Echo Falls Fruit Fusion 9% Alc Vol, Summer Berries, Accolade Wines",0.0 g,0.0 g,0.0 g,0.0 g,125.0 ml - 95 Cal
"Echo Falls Fruit Fusion 5.5% Alc Vol, Strawberry & Lime, Accolade Wines",0.0 g,0.0 g,0.0 g,0.0 g,125.0 ml - 71 Cal
Aedi muscle,1.9 g,0.7 g,0.2 g,0.0 g,21.0 g - 12 Cal
Raw Banana and Red Adzuki Thoran,3.7 g,17.1 g,9.6 g,5.7 g,100.0 g - 167 Cal
Mediterranean Tangy Red Pepper and Nut Dip,0.3 g,0.8 g,2.3 g,0.2 g,8.0 g - 24 Cal
"Milk, reduced fat, fluid, 2% milkfat, with added vitamin A and vitamin D",1.0 g,1.4 g,0.6 g,0.0 g,29.6 g - 15 Cal
No Added Sugar and Salt Peanut Butter,4.4 g,2.0 g,8.1 g,1.1 g,15.0 g - 98 Cal
Affogato,6.4 g,38.7 g,21.2 g,1.5 g,192.6 ml - 369 Cal
Aegle Marmelos,1.4 g,3.4 g,1.6 g,2.4 g,45.0 g - 35 Cal
Affogato Coffee,6.4 g,38.7 g,21.2 g,1.5 g,192.6 ml - 369 Cal
Brownie Affogato,5.2 g,42.1 g,16.1 g,3.7 g,138.0 g - 331 Cal
"Sausage Epi Bun Bun, AEON",13.8 g,34.4 g,28.0 g,0.0 g,118.0 g - 445 Cal
"AEX-3C Minuman Coklat, Int 3 Tree",0.1 g,2.2 g,0.5 g,0.2 g,3.0 g - 14 Cal
Aegle Marmelos Juice with Salt,2.7 g,46.7 g,0.5 g,9.3 g,250.0 ml - 201 Cal
"Aegle Series Raw Whey, Unflavoured, Muscle Nectar",24.0 g,2.1 g,1.5 g,0.0 g,30.0 g - 118 Cal
"Aegle Series Pre Workout Powder, Lemon, Muscle Nectar",0.0 g,0.0 g,0.0 g,0.0 g,20.0 g - 0 Cal
"Aegle Series Raw ISO Protein, Unflavoured, Muscle Nectar",27.0 g,0.5 g,0.3 g,0.0 g,30.0 g - 113 Cal
"Aegle Series 100% Casein Protein, Mango Magic, Muscle Nectar",23.0 g,4.0 g,2.0 g,0.0 g,33.0 g - 126 Cal
"Aegle Series Procollagen Protein, Unflavoured, Muscle Nectar",31.0 g,0.0 g,0.0 g,0.0 g,33.0 g - 124 Cal
"Aegle Series BCCA + Glutamine Powder, Lemon Lime, Muscle Nectar",0.0 g,1.0 g,0.0 g,0.0 g,12.0 g - 4 Cal
Beh Teh Soh,2.3 g,25.0 g,8.3 g,0.7 g,48.0 g - 191 Cal
Lehsun Achaar,7.2 g,60.0 g,23.9 g,3.0 g,150.0 g - 473 Cal
Lehsun Ka Achar,7.2 g,60.0 g,23.9 g,3.0 g,150.0 g - 473 Cal
Lehsoon Ka Achaar,7.2 g,60.0 g,23.9 g,3.0 g,150.0 g - 473 Cal
"Asitis Branched Chain Amino Acids, Medizen Labs",0.0 g,0.0 g,0.0 g,0.0 g,5.0 g - 0 Cal
"Amino Collagen, Meiji",5.3 g,1.3 g,0.1 g,0.0 g,7.0 g - 27 Cal
"Tiger Asian Lager, Heineken",1.3 g,11.2 g,0.0 g,0.0 g,330.0 ml - 139 Cal
"Weight Watchers Hot pot, Beef, Heinz",16.6 g,36.8 g,9.6 g,5.5 g,320.0 g - 310 Cal
"Big Cola, AJE",0.0 g,22.0 g,0.0 g,0.0 g,200.0 ml - 88 Cal
"Aero Milk Chocolate Bar, Nestle",2.0 g,26.0 g,12.0 g,1.0 g,41.0 g - 220 Cal
Cek Mek Molek,1.6 g,14.0 g,4.0 g,1.9 g,40.0 g - 98 Cal
Akki Roti,2.2 g,26.7 g,4.9 g,1.4 g,80.0 g - 162 Cal
Akki Dosa,1.0 g,12.7 g,3.8 g,0.4 g,68.0 g - 90 Cal
Same Akki,2.7 g,23.7 g,2.9 g,3.1 g,124.0 g - 131 Cal
Akki Usli,4.0 g,25.1 g,3.6 g,1.6 g,124.0 g - 148 Cal
Akki Otti,1.4 g,16.7 g,0.3 g,0.4 g,50.0 g - 76 Cal
Akki Wada,0.6 g,3.3 g,2.3 g,0.2 g,20.0 g - 36 Cal
Kuih Cek Mek Molek,1.6 g,14.0 g,4.0 g,1.9 g,40.0 g - 98 Cal
Alle Belle,1.7 g,12.3 g,4.7 g,0.9 g,35.0 g - 98 Cal
Jeli Kelapa,2.5 g,31.2 g,5.6 g,2.7 g,250.0 g - 178 Cal
Mod Alele Moong,2.4 g,4.8 g,0.2 g,1.5 g,80.0 g - 24 Cal
Mod Aleli Matki,7.3 g,18.1 g,0.5 g,1.4 g,77.3 g - 87 Cal
Mod Alele Masur,0.1 g,0.2 g,0.0 g,0.0 g,1.0 g - 1 Cal
Mod Alelya Matki,7.3 g,18.1 g,0.5 g,1.4 g,77.3 g - 87 Cal
Lemon Semiya,2.6 g,22.2 g,2.6 g,2.6 g,125.0 g - 124 Cal
Tempe Gembus,1.4 g,2.6 g,0.3 g,1.1 g,25.0 g - 18 Cal
Jem Mempelam,0.1 g,13.8 g,0.0 g,0.2 g,20.0 g - 56 Cal
Ame Hnat,15.5 g,6.1 g,8.9 g,1.1 g,150.0 g - 164 Cal
Tempeh Gembus,1.4 g,2.6 g,0.3 g,1.1 g,25.0 g - 18 Cal
Gembus Tempeh,1.4 g,2.6 g,0.3 g,1.1 g,25.0 g - 18 Cal
Jemput-jemput Cempedak,0.7 g,6.9 g,2.5 g,0.8 g,30.0 g - 53 Cal
Tempe Masak Lemak,10.8 g,10.2 g,10.9 g,0.8 g,150.0 g - 170 Cal
Roti Bijirin Penuh dengan Mentega,4.9 g,14.8 g,9.1 g,2.7 g,50.0 g - 166 Cal
Bendi Mentah,0.2 g,0.8 g,0.0 g,0.4 g,11.9 g - 4 Cal
Rendang Arnab,22.3 g,13.4 g,28.4 g,1.1 g,166.0 g - 398 Cal
Rendang Jengkol,14.0 g,19.2 g,18.7 g,2.5 g,166.0 g - 260 Cal
Rendang Kentang,4.4 g,48.5 g,6.4 g,4.3 g,233.0 g - 261 Cal
Bendakaya Annam,3.6 g,21.2 g,4.8 g,2.1 g,124.0 g - 140 Cal
Che Hat Sen voi Dau Den,22.0 g,86.0 g,10.1 g,5.8 g,350.0 g - 515 Cal
Rendang Cendawan,6.2 g,23.7 g,13.6 g,7.0 g,166.0 g - 242 Cal
Keow Teow,8.1 g,23.9 g,11.4 g,0.9 g,166.0 g - 232 Cal
Keo Gung Deo,0.3 g,4.5 g,0.4 g,0.5 g,10.0 g - 22 Cal
Fried Keow Teow,24.4 g,52.4 g,21.6 g,2.5 g,335.2 g - 510 Cal
Keow Teow Celup,13.2 g,22.7 g,11.1 g,1.6 g,250.0 g - 248 Cal
Fried Keow Teow Cockles,6.9 g,24.6 g,11.1 g,0.9 g,166.0 g - 226 Cal
"Cheng Bou Leong Herbal Tea, Yeo's",0.0 g,26.0 g,0.0 g,0.0 g,300.0 ml - 100 Cal
Black Pepper Appam,1.7 g,11.9 g,7.6 g,0.9 g,60.0 g - 117 Cal
"Bindu Gold Appalam, Bindu Appalam Depot",25.0 g,54.9 g,0.3 g,0.2 g,100.0 g - 322 Cal
Bell Pepper and Apple Salad,0.6 g,8.0 g,5.7 g,2.1 g,100.0 g - 83 Cal
"Oats Coated Apples, Pepsico",0.7 g,8.4 g,0.6 g,1.2 g,1.00 oz - 41 Cal
"Apple Pie Hot Oatmeal, Pepsico",4.3 g,23.9 g,1.6 g,3.8 g,150.0 g - 125 Cal
"KitKat Aero Mint Chunky, Nestle",0.9 g,9.1 g,4.4 g,0.0 g,15.0 g - 81 Cal
"Aero Milk Chocolate Mini Bar, Nestle",0.5 g,5.0 g,2.0 g,0.0 g,7.3 g - 40 Cal
"AerO Milk Chocolate Sharing Bar, Festive Orange, Nestle",0.2 g,1.9 g,1.0 g,0.0 g,3.2 g - 17 Cal
"AerO Milk Chocolate Sharing Bar, Purely Chocolate, Nestle",0.2 g,1.9 g,1.0 g,0.1 g,3.2 g - 17 Cal
"AerO Milk Chocolate Sharing Bar, Festive Snowy White, Nestle",0.2 g,1.9 g,1.0 g,0.0 g,3.2 g - 17 Cal
"AerO Milk Chocolate Sharing Bar, Delightful Peppermint, Nestle",0.2 g,1.9 g,1.0 g,0.0 g,3.2 g - 17 Cal
"Bubur Sereal Susu,  Beras Merah, SUN",0.8 g,6.5 g,0.5 g,0.3 g,8.3 g - 33 Cal
"Cerelac Beras Merah & Susu, Nestle",6.0 g,34.0 g,4.8 g,0.8 g,50.0 g - 204 Cal
Neslo Ais,4.0 g,27.3 g,4.3 g,2.1 g,250.0 ml - 165 Cal
Nescafe Ais,2.0 g,21.0 g,1.0 g,0.0 g,454.0 ml - 90 Cal
Alsi Besan Laddu,3.8 g,15.6 g,8.3 g,2.9 g,30.0 g - 150 Cal
Alsi Besan Ladoo,3.8 g,15.6 g,8.3 g,2.9 g,30.0 g - 150 Cal
Alsi Besan Laddoo,3.8 g,15.6 g,8.3 g,2.9 g,30.0 g - 150 Cal
Nescafe O Less Sugar,0.1 g,11.9 g,0.1 g,0.1 g,14.0 g - 49 Cal
Besan Alsi Gud Ladoo,3.4 g,17.1 g,7.2 g,2.5 g,30.0 g - 145 Cal
Less Oil Besan Cheela,2.4 g,6.3 g,4.9 g,1.4 g,50.0 g - 79 Cal
"4% Net Carb Keto Atta, NutroActive",9.2 g,3.2 g,5.4 g,2.4 g,20.0 g - 98 Cal
Methi Amti,6.6 g,23.7 g,6.5 g,5.8 g,150.0 g - 179 Cal
Methi Atta,13.8 g,91.0 g,2.4 g,0.0 g,120.0 g - 442 Cal
Methi chi Amti,6.6 g,23.7 g,6.5 g,5.8 g,150.0 g - 179 Cal
Methi Atta Roti,3.3 g,17.9 g,0.6 g,3.0 g,40.0 g - 89 Cal
"The Better Munch, Eat Better",0.3 g,1.7 g,0.8 g,0.0 g,2.9 g - 15 Cal
"Better Trail Mix, Eat Better",5.5 g,13.5 g,8.5 g,4.6 g,30.0 g - 143 Cal
Methi Oats Atta Roti,3.3 g,16.3 g,2.2 g,3.2 g,40.0 g - 98 Cal
Oeufs au Yaourt,11.2 g,9.2 g,27.0 g,0.2 g,180.0 g - 319 Cal
"Atun, Lomitos en Agua, Real",15.0 g,0.0 g,1.0 g,0.0 g,55.0 g - 70 Cal
Avena,0.7 g,3.0 g,0.4 g,0.5 g,4.8 g - 18 Cal
Aveia,0.7 g,3.0 g,0.4 g,0.5 g,4.8 g - 18 Cal
"Feves Avec Tahina, California Garden",8.0 g,7.0 g,6.0 g,7.0 g,150.0 g - 114 Cal
Avena Bites,2.3 g,8.8 g,3.4 g,1.5 g,15.0 g - 74 Cal
Avena Con Fruta,1.8 g,23.0 g,0.9 g,2.4 g,130.0 g - 106 Cal
Awwami,1.2 g,13.9 g,4.5 g,0.4 g,40.0 g - 101 Cal
Awwama,0.9 g,13.7 g,3.4 g,0.3 g,30.0 g - 89 Cal
"Apple Awe, B Natural",0.3 g,34.0 g,0.0 g,0.0 g,250.0 ml - 135 Cal
"Ajwa Al Madinah, Al Alwani Dates",0.2 g,6.9 g,0.0 g,0.6 g,8.0 g - 29 Cal
Beyaz Peynir,4.1 g,0.3 g,5.0 g,0.0 g,0.99 oz - 63 Cal
Ayer Fish,4.8 g,0.0 g,0.7 g,0.0 g,1.00 oz - 25 Cal
Shwe Yin Aye,7.7 g,52.2 g,7.3 g,3.1 g,200.0 g - 298 Cal
Schwe Yin Aye,0.7 g,33.4 g,6.6 g,0.8 g,150.0 g - 189 Cal
Ayer Macher Jhol,13.4 g,2.8 g,12.6 g,0.6 g,150.0 g - 176 Cal
"Yoki, Polvilho Azedo",0.0 g,18.0 g,0.0 g,0.0 g,20.0 g - 72 Cal
"Fibero Essential TF, Azzurra",0.0 g,9.5 g,0.0 g,8.2 g,10.0 g - 19 Cal
Afang Soup,22.4 g,4.7 g,24.0 g,0.8 g,250.0 g - 328 Cal
Afang Leaves,1.4 g,1.6 g,0.1 g,0.4 g,0.99 oz - 13 Cal
Afiam,0.6 g,1.0 g,0.6 g,1.0 g,2.8 g - 11 Cal
Nigerian Afang Soup,22.4 g,4.7 g,24.0 g,0.8 g,250.0 g - 328 Cal
Rooh Afza,0.0 g,5.2 g,0.0 g,0.0 g,5.0 g - 21 Cal
Aflatoon,9.9 g,32.1 g,18.0 g,0.6 g,80.0 g - 328 Cal
Ayam Percik Ala Ayamas,42.3 g,15.1 g,17.5 g,2.7 g,245.0 g - 378 Cal
Rooh Afza Milk,7.6 g,25.4 g,9.7 g,0.0 g,250.0 ml - 218 Cal
Afim,0.6 g,1.0 g,0.6 g,1.0 g,2.8 g - 11 Cal
Aftermint,0.5 g,1.6 g,1.4 g,0.9 g,4.0 g - 20 Cal
"Beancurd Sheet, AFC",0.2 g,0.2 g,0.2 g,0.0 g,4.7 g - 2 Cal
Rose and Rooh Afza Ice cream,2.7 g,10.7 g,11.3 g,0.0 g,66.0 g - 154 Cal
Rooh Afza with Water and Seeds,0.3 g,10.2 g,0.7 g,0.1 g,250.0 ml - 48 Cal
Rooh Afza with Chia Seed and Milk,8.0 g,26.0 g,10.5 g,1.0 g,250.0 ml - 229 Cal
Milk with Basil Seed and Rooh Afza,7.1 g,27.0 g,9.0 g,1.4 g,250.0 ml - 217 Cal
Afresh with Water,0.1 g,0.9 g,0.0 g,0.0 g,250.0 ml - 4 Cal
Hot Water with Afresh,0.1 g,0.9 g,0.0 g,0.0 g,250.0 ml - 4 Cal
Afresh with Hot Water,0.1 g,0.9 g,0.0 g,0.0 g,250.0 ml - 4 Cal
Warm Water with Afresh,0.1 g,0.9 g,0.0 g,0.0 g,250.0 ml - 4 Cal
"Afresh, Lemon,  Herbalife",0.1 g,0.9 g,0.0 g,0.0 g,1.0 g - 4 Cal
"After Eight Mints, Nestle",0.1 g,6.1 g,1.0 g,0.2 g,8.0 g - 32 Cal
Afternoon Energy Juice,1.7 g,25.1 g,1.8 g,4.3 g,250.0 ml - 123 Cal
Snacked Nutty Affaire Trail Mix,1.4 g,4.5 g,3.3 g,0.0 g,10.0 g - 54 Cal
"Royal Affair Matka Kulfi, Cream Bell",3.5 g,15.3 g,9.0 g,0.0 g,90.0 ml - 158 Cal
"Choc-O-Affair Luxury Dark Choco Slab, Barista",2.9 g,55.5 g,29.7 g,0.0 g,90.0 g - 501 Cal
"Choc O Affair Luxury Dark Choco Slab, Barista",2.9 g,55.5 g,29.7 g,0.0 g,90.0 g - 501 Cal
"Choc-O-Affair Luxury Milk Choco Slab, Barista",6.9 g,52.2 g,28.8 g,0.0 g,90.0 g - 491 Cal
Afghani Naan,6.9 g,46.6 g,9.4 g,1.9 g,120.0 g - 302 Cal
Afghani Rice,10.8 g,18.5 g,7.4 g,2.1 g,124.0 g - 187 Cal
Afghan Bread,8.6 g,67.6 g,4.0 g,2.6 g,182.0 g - 345 Cal
Afghani Eggs,6.2 g,2.6 g,12.6 g,0.8 g,90.0 g - 144 Cal
Afghani Aush,11.9 g,35.5 g,13.1 g,8.8 g,350.0 g - 309 Cal
Afghani Soup,19.3 g,18.1 g,8.2 g,4.8 g,250.0 g - 225 Cal
Afghani Bread,8.6 g,67.6 g,4.0 g,2.6 g,182.0 g - 345 Cal
Afghani Tikka,8.2 g,1.0 g,5.1 g,0.1 g,50.0 g - 87 Cal
Naan-e-Afghani,6.9 g,46.6 g,9.4 g,1.9 g,120.0 g - 302 Cal
"Date Syrup, Afjan",0.0 g,4.9 g,0.0 g,0.0 g,7.0 g - 20 Cal
"Syrup, Date, Afjan",0.0 g,4.9 g,0.0 g,0.0 g,7.0 g - 20 Cal
Dried Afghan Anjeer,3.3 g,63.9 g,1.0 g,9.8 g,100.0 g - 249 Cal
"Magic Nuts Afghan Anjeer, Naturoz",3.3 g,63.9 g,1.0 g,9.8 g,100.0 g - 249 Cal
"Premium Dried Afghani Anjeer, Happilo",1.4 g,28.0 g,0.4 g,4.2 g,100.0 g - 107 Cal
Sweet Aflatoon,9.9 g,32.1 g,18.0 g,0.6 g,80.0 g - 328 Cal
All-African Barbecue Sauce,0.0 g,1.2 g,1.2 g,0.1 g,5.0 g - 16 Cal
Penne Alla Alfredo,6.9 g,13.1 g,12.5 g,0.8 g,84.0 g - 193 Cal
All Bran Flakes,0.1 g,0.8 g,0.0 g,0.3 g,1.0 g - 3 Cal
All-purpose Flour,0.1 g,0.8 g,0.0 g,0.0 g,1.0 g - 4 Cal
"Ice Pops, All Flavors",0.0 g,11.0 g,0.0 g,0.0 g,53.2 g - 45 Cal
"Afghan Dry Fruit Ice Cream, Amul",2.6 g,16.0 g,8.9 g,0.0 g,66.0 ml - 155 Cal
"Premium Afghani Almond, Dry Fruit Hub",5.4 g,5.0 g,12.8 g,3.0 g,25.0 g - 146 Cal
"Regular Afghani Almond, Dry Fruit Hub",5.4 g,5.0 g,12.8 g,3.0 g,25.0 g - 146 Cal
"Pretzel Dog, Auntie Anne's",11.0 g,33.0 g,20.0 g,1.0 g,119.0 g - 360 Cal
"Pretzel Dogs, Auntie Anne's",0.0 g,31.0 g,16.0 g,1.0 g,113.0 g - 310 Cal
"Mini Pretzel Dogs, Auntie Anne's",2.0 g,5.6 g,3.5 g,0.2 g,21.6 g - 63 Cal
Anna,2.6 g,26.7 g,0.4 g,0.5 g,124.0 g - 120 Cal
Afro Fusion Degue of Millet,10.2 g,47.3 g,14.7 g,0.9 g,181.0 g - 365 Cal
"Muesli, Raspberry & Apple, Alpen",5.0 g,31.1 g,1.9 g,3.4 g,45.0 g - 167 Cal
Custard Apple Appam,1.0 g,13.6 g,3.9 g,0.6 g,50.0 g - 92 Cal
Apple,0.3 g,20.0 g,0.8 g,4.8 g,149.0 g - 88 Cal
Appam,2.4 g,22.5 g,1.9 g,0.9 g,60.0 g - 116 Cal
African Eba,0.0 g,34.7 g,0.0 g,0.0 g,198.0 g - 133 Cal
African Toh,5.8 g,39.5 g,2.3 g,1.9 g,216.0 g - 201 Cal
African Fat Cake,4.1 g,18.3 g,8.7 g,0.6 g,60.0 g - 168 Cal
African Fried Ripe Plantains,1.8 g,40.3 g,16.8 g,2.9 g,166.0 g - 319 Cal
African Beef Stew,33.0 g,8.6 g,37.4 g,3.1 g,325.0 g - 496 Cal
African Puff Puff,0.8 g,5.9 g,2.7 g,0.4 g,15.0 g - 51 Cal
African Mishkaki,16.0 g,5.9 g,10.2 g,0.4 g,90.0 g - 183 Cal
Assur,0.6 g,0.7 g,1.1 g,0.4 g,2.8 g - 15 Cal
Assad,16.4 g,6.5 g,8.1 g,1.6 g,150.0 g - 160 Cal
Milk ass's,5.1 g,15.9 g,3.7 g,0.0 g,244.0 ml - 117 Cal
Assam Tea,0.4 g,0.1 g,0.0 g,0.0 g,2.0 g - 2 Cal
Afterburn Pre workout fuel,0.0 g,2.0 g,0.4 g,0.0 g,10.0 g - 12 Cal
"Afterburn Pre Workout Fuel, Grape, MCF",0.0 g,2.0 g,0.4 g,0.0 g,10.0 g - 12 Cal
"After Eight Mint Chocolate Thins, Nestle",0.3 g,6.5 g,1.1 g,0.3 g,8.5 g - 38 Cal
"Afterburn Pre Workout Fuel, Grape, Mike Chang 's",0.0 g,2.0 g,0.4 g,0.0 g,10.0 g - 12 Cal
"Afters Dark Chocolate Dessert Bite, Happy Jars",3.4 g,16.3 g,7.6 g,0.0 g,30.0 g - 147 Cal
Rooh Afza Soda,0.1 g,21.1 g,0.0 g,0.0 g,250.0 ml - 84 Cal
Dahi Rooh Afza,7.4 g,23.2 g,9.4 g,0.0 g,250.0 ml - 205 Cal
Rooh Afza Drink,0.1 g,10.0 g,0.0 g,0.0 g,250.0 ml - 40 Cal
Rooh Afza  Water,0.1 g,10.0 g,0.0 g,0.0 g,250.0 ml - 40 Cal
Rooh Afza Sherbat,0.1 g,19.6 g,0.0 g,0.0 g,250.0 ml - 78 Cal
Rooh Afza Sharbat,0.1 g,19.6 g,0.0 g,0.0 g,250.0 ml - 78 Cal
Agase,0.5 g,0.7 g,1.1 g,0.7 g,2.5 g - 13 Cal
Agasi,0.5 g,0.7 g,0.9 g,0.7 g,2.5 g - 13 Cal
Agati,0.0 g,0.1 g,0.0 g,0.0 g,3.0 g - 1 Cal
Agasti,0.8 g,1.2 g,0.1 g,0.8 g,10.0 g - 9 Cal
Agatthe,0.0 g,0.1 g,0.0 g,0.0 g,3.0 g - 1 Cal
Agar Boba,0.3 g,26.5 g,0.2 g,0.0 g,152.0 g - 107 Cal
Agat Agar Pumpkin Jelly,0.4 g,11.3 g,0.2 g,0.9 g,84.4 g - 48 Cal
Agar Agar Ros,0.0 g,55.1 g,0.0 g,0.3 g,238.0 g - 212 Cal
Eggplant Agebitashi,3.3 g,13.8 g,13.3 g,2.3 g,166.0 g - 201 Cal
Agar-agar Milo,2.0 g,14.1 g,1.6 g,0.3 g,100.0 g - 62 Cal
Agar Agar Susu,3.2 g,25.0 g,4.1 g,0.1 g,120.7 g - 146 Cal
Agar Agar Boba,0.3 g,26.5 g,0.2 g,0.0 g,152.0 g - 107 Cal
Agar Agar Sirap,0.0 g,55.1 g,0.0 g,0.3 g,238.0 g - 212 Cal
Agar Agar Gudil,0.7 g,7.9 g,3.0 g,0.3 g,63.0 g - 57 Cal
Agar-agar Puding,1.0 g,12.0 g,1.3 g,0.0 g,50.0 g - 62 Cal
Agar-Agar Santan,0.2 g,11.1 g,1.4 g,0.2 g,46.0 g - 56 Cal
Agedashi Tofu,9.6 g,11.9 g,14.0 g,1.1 g,250.0 g - 204 Cal
Chocolate and Milk Agar Agar Pudding,8.5 g,50.8 g,9.7 g,2.0 g,264.0 g - 320 Cal
Milk and Chocolate Agar Agar Pudding,8.5 g,50.8 g,9.7 g,2.0 g,264.0 g - 320 Cal
Agar Agar Milk and Chocolate Pudding,8.5 g,50.8 g,9.7 g,2.0 g,264.0 g - 320 Cal
Agar Agar Chocolate and Milk Pudding,8.5 g,50.8 g,9.7 g,2.0 g,264.0 g - 320 Cal
Aged Cheddar Cheese,7.0 g,0.0 g,10.0 g,0.0 g,28.0 g - 120 Cal
Tea with Oat Milk and Agave,1.4 g,11.4 g,1.5 g,1.1 g,180.0 ml - 64 Cal
Agedashi Tofu Rice Meal,18.3 g,67.6 g,8.5 g,16.4 g,405.0 g - 424 Cal
"Age Reverse Premium Hydrolysed Collagen Peptides, Thin Lizzy",2.3 g,0.0 g,0.0 g,0.0 g,2.5 g - 9 Cal
Aged Cheddar Cheese Bar,8.0 g,0.0 g,12.0 g,0.0 g,22.0 g - 150 Cal
"Aged Cheddar, Kerrygold",7.0 g,0.0 g,10.0 g,0.0 g,28.0 g - 120 Cal
Aged White Cheddar Snack Puff,2.0 g,18.0 g,6.0 g,1.0 g,0.99 oz - 140 Cal
"Aged Cheddar Cheese, Kerrygold",7.0 g,0.0 g,10.0 g,0.0 g,28.0 g - 120 Cal
Aggala with Rice Flour,2.1 g,37.0 g,1.7 g,1.1 g,55.0 g - 180 Cal
"Aggressive Series Maniac Superdose Nutraceutical, Watermelon Cooler, HealthXP",0.0 g,1.8 g,0.0 g,0.0 g,10.0 g - 8 Cal
Aglio e Olio Maggi,5.4 g,28.1 g,17.5 g,1.8 g,166.0 g - 294 Cal
Anti Aging Drink,0.1 g,0.6 g,0.0 g,0.3 g,180.0 ml - 2 Cal
Agri Chicken,15.9 g,3.1 g,10.3 g,1.5 g,150.0 g - 169 Cal
Zuppa di Aglio,4.0 g,13.8 g,18.1 g,2.1 g,250.0 g - 231 Cal
Pasta Aglio e Olio,7.1 g,23.2 g,11.6 g,1.6 g,100.0 g - 224 Cal
Penne Aglio Olio,10.3 g,52.2 g,16.9 g,0.3 g,178.0 g - 398 Cal
Penne Aglio e Olio,10.3 g,52.2 g,16.9 g,0.3 g,178.0 g - 398 Cal
"Agra Gud Gajak, Jabsons",2.0 g,12.0 g,5.0 g,0.0 g,20.0 g - 100 Cal
Longan Agar Agar Almond Jelly,0.3 g,4.8 g,0.3 g,0.0 g,30.0 g - 23 Cal
Agar Agar Almond Jelly with Longan,0.3 g,4.8 g,0.3 g,0.0 g,30.0 g - 23 Cal
"Konkan Amrut Kokam Agal, Mother Made Agro Foods",0.1 g,0.4 g,0.0 g,0.0 g,5.0 g - 3 Cal
Agnolotti,2.2 g,5.2 g,1.5 g,0.2 g,15.0 g - 44 Cal
"Black Agnus, Quiznos",32.0 g,59.0 g,15.0 g,4.0 g,258.0 g - 490 Cal
Fresh Spinach and Ricotta Agnolotti,18.5 g,70.0 g,10.7 g,0.0 g,298.0 g - 464 Cal
"Penne Rigate N19, Agnesi",13.0 g,78.0 g,1.5 g,9.0 g,100.0 g - 380 Cal
"Fresh Agnolotti, Spinach and Ricotta, San Remo",18.5 g,70.0 g,10.7 g,0.0 g,298.0 g - 464 Cal
Fresh Spinach & Ricotta Agnolotti,18.5 g,70.0 g,10.7 g,0.0 g,298.0 g - 464 Cal
"Arokya Toned Milk, Hatsun Agro Product",7.3 g,11.0 g,7.3 g,0.0 g,244.0 ml - 139 Cal
"Arokya Full Cream Milk, Hatsun Agro Product",3.0 g,5.0 g,6.0 g,0.0 g,100.0 ml - 90 Cal
"Arokya Milk, Full Cream, Hatsun Agro Product",3.0 g,5.0 g,6.0 g,0.0 g,100.0 ml - 90 Cal
"Arokya Milk, Standardized, Hatsun Agro Product",3.0 g,4.5 g,4.5 g,0.0 g,100.0 ml - 70 Cal
"Arokya Standardized Milk, Hatsun Agro Product",3.0 g,4.5 g,4.5 g,0.0 g,100.0 ml - 70 Cal
"Arokya Milk, Double Toned, Hatsun Agro Product",3.0 g,5.0 g,1.5 g,0.0 g,100.0 ml - 45 Cal
"Appy Fizz, Parle  Agro",0.0 g,34.0 g,0.0 g,0.0 g,250.0 ml - 135 Cal
"Appy Apple Juice Drink, Parle Agro",0.0 g,31.6 g,0.0 g,0.0 g,200.0 ml - 126 Cal
"Mania Juice, Apple,  Hygen Agro",0.0 g,36.0 g,0.0 g,0.0 g,250.0 ml - 163 Cal
"Apple Mania Juice, Hygen Agro",0.0 g,36.0 g,0.0 g,0.0 g,250.0 ml - 163 Cal
"Greek Yogurt, Peach, Agapi",1.2 g,1.8 g,0.3 g,0.0 g,15.0 g - 14 Cal
"Mango Greek Yogurt, Agapi",6.4 g,13.4 g,1.5 g,0.0 g,90.0 g - 89 Cal
"Greek Yogurt, Mango, Agapi",6.4 g,13.4 g,1.5 g,0.0 g,90.0 g - 89 Cal
Agra ka Petha,0.0 g,20.8 g,1.2 g,0.2 g,30.0 g - 91 Cal
Agra Dalmoth,5.0 g,13.0 g,10.0 g,1.0 g,30.0 g - 158 Cal
Agra ke Aloo Bhalla,2.8 g,19.5 g,8.9 g,1.5 g,104.0 g - 168 Cal
"Agra Dalmoth, Gwalia Sweets",5.0 g,13.0 g,10.0 g,1.0 g,30.0 g - 158 Cal
"Agra Taj Petha, Haldiram's Nagpur",0.1 g,14.8 g,0.0 g,0.0 g,20.0 g - 61 Cal
Agasth-ka-phool,0.0 g,0.1 g,0.0 g,0.0 g,3.0 g - 1 Cal
Agase flowers,0.0 g,0.1 g,0.0 g,0.0 g,3.0 g - 1 Cal
Agase Soppu Huli,6.1 g,13.0 g,2.7 g,4.3 g,150.0 g - 99 Cal
Agasi Chatni Pudi,0.4 g,1.0 g,0.8 g,0.6 g,3.0 g - 12 Cal
Agase Soppu Palya,7.5 g,12.1 g,4.6 g,7.0 g,100.0 g - 119 Cal
"Clic Flax Seeds, AGT Foods",0.5 g,0.8 g,0.8 g,0.7 g,2.5 g - 13 Cal
"Clic Grains de Lin, AGT Foods",0.5 g,0.8 g,0.8 g,0.7 g,2.5 g - 13 Cal
Agathi Curry,8.3 g,12.7 g,4.2 g,8.8 g,150.0 g - 120 Cal
"Basna, Agathi",0.8 g,1.2 g,0.1 g,0.8 g,10.0 g - 9 Cal
Agati Pakoda,1.7 g,6.5 g,3.9 g,0.8 g,25.0 g - 68 Cal
Agave Syrup,0.0 g,5.3 g,0.0 g,0.0 g,6.9 g - 21 Cal
Agyaarsi Aloo ki Bhaji,1.0 g,13.5 g,0.5 g,1.2 g,150.0 g - 63 Cal
"Titan B-Urnz, Agym Nutrition",0.7 g,8.3 g,0.2 g,0.0 g,10.0 g - 38 Cal
"Titan Whey, Blueberry, Agym Nutrition",22.0 g,3.0 g,1.5 g,0.0 g,30.0 g - 120 Cal
"Titan Whey-Z, Strawberry, Agym Nutrition",20.0 g,6.0 g,0.3 g,0.0 g,30.0 g - 107 Cal
"Dhall Poli, Adyar Ananda Bhavan",4.0 g,26.0 g,6.0 g,0.0 g,40.0 g - 177 Cal
Chakka Ada,1.9 g,40.7 g,4.4 g,1.9 g,90.0 g - 212 Cal
"Bhajani Chakali Sticks, Athavales",22.6 g,112.4 g,56.5 g,0.0 g,200.0 g - 1048 Cal
Chaal Bhaja,0.7 g,6.6 g,0.8 g,0.2 g,10.0 g - 36 Cal
Ata Chakuli,2.3 g,17.2 g,1.2 g,1.3 g,50.0 g - 89 Cal
Chatu Bhaja,2.3 g,5.4 g,6.0 g,1.3 g,100.0 g - 80 Cal
Chana Achar,0.4 g,1.5 g,0.5 g,0.7 g,5.0 g - 11 Cal
Aladi Bhaja,2.6 g,8.5 g,4.9 g,0.8 g,100.0 g - 86 Cal
Ahto,7.6 g,50.2 g,14.2 g,4.9 g,167.5 g - 354 Cal
Ahliv,0.1 g,0.1 g,0.0 g,0.0 g,2.5 g - 1 Cal
Ahi Tuna,3.9 g,0.0 g,0.1 g,0.0 g,16.0 g - 17 Cal
Ahliva,0.1 g,0.1 g,0.0 g,0.0 g,1.0 g - 1 Cal
Ahuna Mutton,16.0 g,7.5 g,16.2 g,1.8 g,150.0 g - 236 Cal
Achcharu,0.1 g,0.3 g,0.0 g,0.1 g,4.0 g - 2 Cal
Achchu Paan,1.9 g,12.7 g,1.3 g,0.5 g,28.0 g - 71 Cal
Malay Achcharu,0.2 g,1.8 g,0.4 g,0.2 g,5.0 g - 11 Cal
"Peas and carrots, canned, no salt added, solids and liquids",0.6 g,2.4 g,0.1 g,0.9 g,1.00 oz - 11 Cal
Burmese Ahto,7.6 g,50.2 g,14.2 g,4.9 g,167.5 g - 354 Cal
Huevos Ahogados,7.9 g,7.2 g,11.6 g,2.0 g,250.0 g - 161 Cal
Ahi Poke Salad Rice,32.4 g,25.9 g,4.0 g,1.5 g,284.0 g - 274 Cal
"Richeese Ahh Snack Salut Krim Keju, Nabati",0.0 g,7.0 g,2.0 g,0.0 g,10.0 g - 50 Cal
"Richeese Ahh Cheese Cream Coated Snack, Nabati",0.0 g,7.0 g,2.0 g,0.0 g,10.0 g - 50 Cal
Chhurpi Ka Achar,69.4 g,20.7 g,18.4 g,0.8 g,150.0 g - 525 Cal
"Ahi Wild Yellowfin Tuna Steak, Safe Catch",17.0 g,0.0 g,0.5 g,0.0 g,56.0 g - 70 Cal
"Ahi Delicious Slow Cooked Premium Wild Tuna Steak, Safe Catch",17.0 g,0.0 g,0.5 g,0.0 g,56.0 g - 70 Cal
"Mix Spring Roll, Ahimsa",12.3 g,10.4 g,12.8 g,0.0 g,100.0 g - 206 Cal
Dahi Chini,4.5 g,8.8 g,5.8 g,0.0 g,150.0 g - 105 Cal
Akhrot,0.3 g,0.2 g,1.4 g,0.1 g,2.1 g - 14 Cal
Akhrod,0.3 g,0.2 g,1.4 g,0.1 g,2.1 g - 14 Cal
Akhoot,0.3 g,0.2 g,1.4 g,0.1 g,2.1 g - 14 Cal
"All In One, Haldiram's",0.3 g,0.9 g,0.8 g,0.2 g,2.2 g - 12 Cal
Halaweeyat Ahmad,4.1 g,25.0 g,9.9 g,0.7 g,50.0 g - 205 Cal
"All In One, Haldiram's Nagpur",0.3 g,0.9 g,0.8 g,0.1 g,2.2 g - 12 Cal
"All In One Mixture, Haldiram's",0.3 g,0.9 g,0.8 g,0.2 g,2.2 g - 12 Cal
Amla Halwa,1.1 g,71.8 g,24.0 g,3.3 g,150.0 g - 499 Cal
"Cleansing Detox Tea, Ahmad Tea",0.0 g,0.4 g,0.0 g,0.0 g,180.0 ml - 2 Cal
"Brewed Green Pure Tea, Ahmad Tea",0.0 g,0.4 g,0.0 g,0.0 g,180.0 ml - 4 Cal
"Mixed Pickle in Oil, Ahmed Foods",0.3 g,1.0 g,1.3 g,0.3 g,6.6 g - 18 Cal
"Green Pure Tea (Prepared in Water), Ahmad Tea",0.0 g,0.4 g,0.0 g,0.0 g,180.0 ml - 4 Cal
"Cheese Pretzel Dog, Auntie Anne's",12.0 g,33.0 g,20.0 g,1.0 g,122.0 g - 370 Cal
"Sour Cream and Onion Pretzel, Auntie Anne's",9.0 g,68.0 g,5.0 g,2.0 g,127.0 g - 360 Cal
Ahoy Organic Raw Cacao Powder,0.3 g,1.0 g,0.0 g,0.3 g,1.7 g - 7 Cal
"Ahoy! 100% Organic Raw Cacao Powder, Mystic Super Foods",0.3 g,1.0 g,0.0 g,0.3 g,1.7 g - 7 Cal
Aloo Chop,1.8 g,7.9 g,6.2 g,1.2 g,40.0 g - 94 Cal
Aloor Jhol,1.6 g,17.1 g,4.1 g,2.0 g,150.0 g - 110 Cal
Aloo aur Chow Chow Fry,1.4 g,13.9 g,5.0 g,1.9 g,100.0 g - 104 Cal
"Chips Ahoy! Mini Real Chocolate Chip Cookie, Nabisco",0.2 g,4.2 g,1.4 g,0.2 g,6.2 g - 30 Cal
"100% Apple Juice, HPMC",0.2 g,24.7 g,0.0 g,0.0 g,200.0 ml - 100 Cal
Soya aur Arhar Dal,8.7 g,15.8 g,3.3 g,3.9 g,150.0 g - 127 Cal
Arrabiata Pasta with Shrimp,14.3 g,29.7 g,11.3 g,2.8 g,250.0 g - 284 Cal
Panqueque de Harina de Arroz y Harina de Coco,4.2 g,12.7 g,8.7 g,2.5 g,58.0 g - 145 Cal
Boiled Mung Masoor aur Arhar Dal,5.1 g,14.7 g,0.5 g,2.8 g,150.0 g - 82 Cal
Arroz,2.6 g,26.7 g,0.4 g,0.5 g,124.0 g - 120 Cal
Ashta,7.9 g,37.6 g,39.9 g,3.0 g,250.0 g - 550 Cal
Ashura,4.5 g,49.3 g,6.8 g,1.7 g,200.0 g - 268 Cal
Ash Anar,10.5 g,31.5 g,5.2 g,3.3 g,250.0 g - 214 Cal
Attu,3.6 g,22.6 g,4.7 g,1.3 g,80.0 g - 147 Cal
Atta,0.1 g,0.7 g,0.0 g,0.1 g,1.0 g - 3 Cal
Attulu,3.6 g,22.6 g,4.7 g,1.3 g,80.0 g - 147 Cal
Egg Atho,4.1 g,15.2 g,5.7 g,1.4 g,96.0 g - 126 Cal
Atta Bun,4.3 g,25.2 g,4.4 g,3.7 g,60.0 g - 157 Cal
"Khurasani Chutney, Shubhann",3.0 g,2.1 g,4.7 g,1.3 g,12.0 g - 62 Cal
Khus Khus Chutney,0.3 g,0.7 g,1.7 g,0.6 g,5.0 g - 19 Cal
Alu Bhurji,1.7 g,18.2 g,2.4 g,1.9 g,100.0 g - 99 Cal
Chupri alu,0.8 g,10.9 g,0.1 g,0.0 g,60.0 g - 47 Cal
Dau Phu Chuc,14.2 g,1.9 g,5.9 g,0.1 g,1.00 oz - 117 Cal
Chura Bhuja,2.6 g,29.7 g,1.4 g,0.6 g,42.0 g - 141 Cal
Dim Alu Bhuna,4.9 g,19.8 g,6.5 g,1.9 g,150.0 g - 157 Cal
"Chips Ahoy Thin Crisps, Nabisco",1.0 g,18.0 g,3.0 g,1.0 g,23.0 g - 100 Cal
"Chips Ahoy! S'mores, Mondelez Global",0.5 g,10.5 g,3.5 g,0.0 g,15.5 g - 70 Cal
"Chips Ahoy Smores, Mondelez Global",0.5 g,10.5 g,3.5 g,0.0 g,15.5 g - 70 Cal
"Nutty Crunch Hazelnut Bar, Go Ahead",1.6 g,10.5 g,5.3 g,0.8 g,19.5 g - 98 Cal
"Nutty Crunch Bar, Hazelnut, Go Ahead",1.6 g,10.5 g,5.3 g,0.8 g,19.5 g - 98 Cal
"Nutty Crunch Bar, Hazelnut, go ahead!",1.6 g,10.5 g,5.3 g,0.8 g,19.5 g - 98 Cal
Air Lemon Ais,0.3 g,22.6 g,0.1 g,0.4 g,250.0 ml - 86 Cal
Air Laici Ais,0.7 g,37.8 g,0.0 g,0.0 g,250.0 ml - 154 Cal
Air Cincau Ais,0.0 g,50.8 g,0.0 g,0.0 g,250.0 ml - 201 Cal
Air Kotak Teh Lemon Ais,0.0 g,23.0 g,0.0 g,0.0 g,250.0 ml - 93 Cal
Air Fried Pork Ribs,45.8 g,22.9 g,26.8 g,0.9 g,292.0 g - 534 Cal
"Beta-Plus Oat Bran Powder, AiBio",6.0 g,77.0 g,5.0 g,23.0 g,100.0 g - 380 Cal
Air,0.2 g,0.0 g,0.0 g,0.0 g,1.0 g - 1 Cal
Diet Ginger Ale,0.0 g,0.0 g,0.0 g,0.0 g,354.8 ml - 0 Cal
Kopi Ais Vietnam,3.9 g,25.7 g,3.1 g,0.0 g,250.0 ml - 144 Cal
Airfried Golgappa,0.5 g,3.8 g,0.2 g,0.2 g,7.0 g - 19 Cal
Airfried Garlic Bread,4.7 g,22.4 g,0.7 g,1.0 g,40.0 g - 114 Cal
Airfried Sprouts Tikki,1.4 g,7.6 g,0.9 g,1.1 g,50.0 g - 42 Cal
Airfried Chicken Cutlet,5.9 g,6.3 g,1.7 g,0.5 g,50.0 g - 65 Cal
Air Anggur,1.0 g,35.9 g,0.6 g,2.5 g,250.0 ml - 154 Cal
Ais Krim Anggur,0.6 g,24.7 g,5.1 g,0.2 g,66.0 g - 144 Cal
"San Mig Light Beer, San Miguel",0.0 g,0.0 g,0.0 g,0.0 g,354.0 ml - 150 Cal
Light High Protein Milk,15.0 g,8.8 g,3.8 g,0.0 g,250.0 ml - 130 Cal
Teh Hijau Ais,0.5 g,11.3 g,0.0 g,0.0 g,250.0 ml - 46 Cal
Teh Hijau Susu Ais,7.3 g,28.1 g,5.9 g,0.0 g,250.0 ml - 191 Cal
Aiskrim Teh Hijau,3.5 g,11.1 g,10.7 g,0.0 g,66.0 g - 155 Cal
Air Teh Hijau Tanpa Gula,0.0 g,0.0 g,0.0 g,0.0 g,180.0 ml - 0 Cal
Aikrim Soya,2.6 g,15.4 g,2.6 g,0.0 g,66.0 g - 95 Cal
Aila Fish,42.5 g,1.1 g,3.8 g,0.0 g,225.0 g - 209 Cal
"Roasted Corn Cracker, Aim",0.5 g,3.5 g,0.8 g,0.0 g,5.0 g - 23 Cal
Ain ,22.7 g,2.5 g,9.3 g,0.0 g,119.0 g - 184 Cal
Aioli Sauce,0.2 g,0.1 g,3.6 g,0.0 g,5.0 g - 33 Cal
Ais,0.0 g,0.0 g,0.0 g,0.0 g,21.0 g - 0 Cal
Teh O Ais,0.1 g,17.5 g,0.0 g,0.1 g,250.0 ml - 68 Cal
Air Sirap Mix,0.0 g,2.5 g,0.0 g,0.0 g,5.0 g - 10 Cal
Teh o Ais Limau Mix,0.0 g,2.9 g,0.0 g,0.0 g,3.0 g - 12 Cal
Air Fried Mixed Dal Vada,3.6 g,9.8 g,0.9 g,1.7 g,40.0 g - 61 Cal
Air Fried Mix Dal Pakoda,1.4 g,4.8 g,0.7 g,0.8 g,20.0 g - 30 Cal
Lemon Aiyu Jelly,0.2 g,32.0 g,0.1 g,0.2 g,350.0 g - 126 Cal
Plain Aiyu Jelly,0.0 g,42.7 g,0.0 g,0.1 g,250.0 g - 167 Cal
Ayam Air Fried,29.0 g,8.6 g,5.0 g,0.7 g,155.0 g - 202 Cal
"Sosej Pulut, Aisyah",10.3 g,10.1 g,0.9 g,0.0 g,71.4 g - 89 Cal
Ajamo,0.3 g,0.5 g,0.5 g,0.4 g,2.1 g - 8 Cal
Ajma,0.3 g,0.5 g,0.5 g,0.4 g,2.1 g - 8 Cal
"Tumix Anchovy Stock, Ajinomoto",0.4 g,1.6 g,0.0 g,0.0 g,4.0 g - 8 Cal
Ajwan,0.3 g,0.5 g,0.5 g,0.4 g,2.1 g - 8 Cal
Ajvar,0.1 g,0.3 g,0.2 g,0.2 g,5.0 g - 3 Cal
Ajika,0.1 g,0.3 g,0.0 g,0.1 g,5.0 g - 2 Cal
Ajmud,0.1 g,0.6 g,0.0 g,0.3 g,17.0 g - 3 Cal
Saunf and Ajwain Water,0.5 g,1.1 g,0.6 g,1.4 g,250.0 ml - 11 Cal
Ajwain and Saunf Water,0.5 g,1.1 g,0.6 g,1.4 g,250.0 ml - 11 Cal
Methi and Ajwain Water,0.2 g,0.3 g,0.1 g,0.4 g,250.0 ml - 3 Cal
Manoli Kadle Ajadina,4.3 g,14.7 g,6.3 g,7.5 g,100.0 g - 133 Cal
Saunf and Ajwain Warm Water,0.5 g,1.1 g,0.6 g,1.4 g,250.0 ml - 11 Cal
Roti with Ajwain and Sesame Oil,3.0 g,15.0 g,3.9 g,3.5 g,38.0 g - 107 Cal
Aji Verde,0.2 g,0.1 g,1.8 g,0.1 g,5.0 g - 19 Cal
Air Asam,0.1 g,0.4 g,0.0 g,0.1 g,5.0 g - 2 Cal
Ainaas,2.1 g,36.5 g,6.7 g,0.6 g,60.0 g - 213 Cal
Air Asam Boi,0.0 g,4.7 g,0.6 g,0.0 g,250.0 ml - 24 Cal
Air Asam Jawa,0.9 g,38.4 g,0.1 g,0.3 g,250.0 ml - 158 Cal
Ajmana pan,1.1 g,0.3 g,0.1 g,0.3 g,17.0 g - 6 Cal
Ajmer Kachori,6.4 g,30.5 g,12.7 g,2.8 g,100.0 g - 263 Cal
Ajmeri Mixture,1.4 g,4.1 g,4.3 g,0.0 g,10.0 g - 55 Cal
Ajmeri Namkeen,1.4 g,4.1 g,4.3 g,0.0 g,10.0 g - 55 Cal
Ajmeri Kalakand,5.6 g,13.9 g,7.1 g,0.1 g,50.0 g - 139 Cal
Ajmeri Chicken Curry,19.9 g,5.8 g,5.0 g,1.8 g,150.0 g - 147 Cal
Lahm Bi Ajin,14.9 g,28.0 g,16.8 g,2.8 g,150.0 g - 325 Cal
Ajinomoto,0.0 g,0.0 g,0.0 g,0.0 g,4.0 g - 0 Cal
Lahm Bi Ajin Manakish,14.9 g,28.0 g,16.8 g,2.8 g,150.0 g - 325 Cal
"Saori Saus Tiram, Ajinomoto",0.0 g,1.0 g,0.0 g,0.0 g,5.8 ml - 5 Cal
Ajapsandali,2.0 g,14.5 g,4.0 g,3.3 g,150.0 g - 100 Cal
"Hot Apple Pie, McDonald's [JP]",1.9 g,26.8 g,10.7 g,1.0 g,81.0 g - 211 Cal
"Apple & Cream, McDonald's [JP]",0.2 g,4.3 g,1.5 g,0.0 g,8.0 g - 31 Cal
Ajo Blanco,10.2 g,27.0 g,33.8 g,4.9 g,250.0 g - 454 Cal
Ajwain Aloo,2.3 g,21.8 g,5.1 g,4.1 g,100.0 g - 140 Cal
"Galleta Con Quinua y Ajonjoli, Incasur",1.0 g,20.0 g,7.0 g,1.0 g,30.0 g - 149 Cal
"Poulet Bouillon, Sans Sel Ajoute, Campbell's",0.1 g,0.1 g,0.0 g,0.0 g,15.0 ml - 1 Cal
Ajwain,0.3 g,0.5 g,0.5 g,0.4 g,2.1 g - 8 Cal
Ajiaco,10.6 g,28.8 g,7.2 g,3.2 g,250.0 g - 217 Cal
Ajar Thai Salad,1.8 g,8.3 g,0.4 g,1.8 g,139.0 g - 41 Cal
Ajarian Khachapuri,22.2 g,49.7 g,19.9 g,1.9 g,205.0 g - 466 Cal
Amritsari Ajwain Paneer,11.6 g,8.4 g,14.2 g,2.6 g,130.0 g - 205 Cal
Jeera Alsi Ajwain Powder,0.4 g,0.8 g,0.7 g,0.7 g,2.3 g - 10 Cal
Atta Ajwain Biscuit,0.6 g,6.3 g,2.8 g,0.0 g,10.0 g - 53 Cal
Kaju Aluwa,2.0 g,28.0 g,2.3 g,0.2 g,40.0 g - 139 Cal
Aujhi,3.4 g,19.2 g,6.3 g,0.8 g,150.0 g - 147 Cal
Ajwain Fan,0.5 g,3.3 g,2.9 g,0.2 g,10.0 g - 42 Cal
Ajwa Dates,0.2 g,6.9 g,0.0 g,0.6 g,8.0 g - 29 Cal
Ajwain Tea,0.1 g,0.1 g,0.1 g,0.2 g,180.0 ml - 1 Cal
Ajwain Dal,6.5 g,16.8 g,5.6 g,0.6 g,150.0 g - 143 Cal
Ajwain Roti,2.8 g,15.9 g,1.3 g,2.6 g,35.0 g - 86 Cal
Aka Kulith Usal,7.0 g,18.3 g,4.4 g,3.6 g,130.0 g - 153 Cal
"Aka Miso, Urban Platter",1.0 g,2.0 g,0.0 g,0.0 g,10.0 g - 15 Cal
Akara,1.3 g,4.2 g,2.6 g,1.6 g,30.0 g - 45 Cal
Akawi,6.0 g,1.0 g,6.0 g,0.0 g,0.99 oz - 84 Cal
Akakara,2.9 g,7.2 g,0.9 g,2.8 g,93.0 g - 48 Cal
Akawieh,6.0 g,1.0 g,6.0 g,0.0 g,0.99 oz - 84 Cal
Akakarakaya Fry,3.0 g,7.8 g,7.2 g,3.2 g,100.0 g - 107 Cal
Akakarakaya Curry,2.5 g,8.8 g,3.5 g,3.3 g,150.0 g - 76 Cal
Akok,2.4 g,9.4 g,5.3 g,0.3 g,43.0 g - 92 Cal
Akuri,6.4 g,4.6 g,10.7 g,1.0 g,91.4 g - 137 Cal
Akule,30.0 g,0.0 g,4.7 g,0.0 g,310.0 g - 163 Cal
Aki Ilu,3.2 g,46.3 g,5.9 g,6.8 g,130.0 g - 265 Cal
Akki Kadubu,1.4 g,16.9 g,0.7 g,0.7 g,45.0 g - 81 Cal
Akher Gur,0.0 g,3.2 g,0.0 g,0.0 g,3.4 g - 13 Cal
Akher Ros,0.3 g,22.8 g,0.5 g,0.3 g,250.0 ml - 98 Cal
Baked Milk Cake,4.0 g,15.1 g,5.0 g,0.0 g,50.0 g - 120 Cal
Baked Rice Cake,2.2 g,17.1 g,6.1 g,0.5 g,45.0 g - 131 Cal
Baked Moon Cake,4.3 g,30.0 g,16.3 g,4.3 g,70.0 g - 281 Cal
Baked Crab Cake,6.7 g,5.7 g,12.7 g,0.4 g,90.0 g - 172 Cal
No Bake Cheese Cake,2.4 g,6.6 g,12.7 g,0.5 g,40.0 g - 148 Cal
Seb Angoor Akhrot Salad,1.4 g,12.1 g,6.8 g,2.5 g,100.0 g - 115 Cal
Akha Moong,49.7 g,117.4 g,2.7 g,34.6 g,207.0 g - 691 Cal
Akha Masoor,3.0 g,7.1 g,0.1 g,1.9 g,12.0 g - 41 Cal
Akhju Dorua,0.3 g,22.8 g,0.5 g,0.3 g,250.0 ml - 98 Cal
"Kaju Akhrot Plaza, Amul",2.7 g,12.7 g,6.8 g,0.0 g,1.00 oz - 123 Cal
Anjeer Akhrot Ice Cream,2.5 g,14.4 g,8.2 g,1.1 g,66.0 g - 140 Cal
Akki Rotti,2.2 g,26.7 g,4.9 g,1.4 g,80.0 g - 162 Cal
Akki Huggi,1.6 g,3.3 g,5.6 g,0.0 g,150.0 g - 67 Cal
Akki Ganji,1.9 g,15.9 g,7.0 g,1.5 g,130.0 g - 134 Cal
Ava akulu,2.2 g,1.8 g,0.3 g,1.9 g,56.0 g - 19 Cal
Mulaga akulu,0.1 g,0.1 g,0.0 g,0.1 g,1.0 g - 1 Cal
Sanaga akulu,0.1 g,0.2 g,0.0 g,0.0 g,1.0 g - 1 Cal
Kusuma akulu,0.6 g,1.0 g,0.1 g,0.0 g,22.0 g - 7 Cal
Gajjara akulu,0.1 g,0.3 g,0.0 g,0.0 g,2.2 g - 2 Cal
"Met-Pco Care Tablet, Akumentis",0.0 g,0.0 g,0.0 g,0.0 g,0.4 g - 0 Cal
Memoni Akni,5.6 g,9.3 g,4.6 g,0.8 g,124.0 g - 98 Cal
Chicken Akni,7.1 g,19.7 g,4.4 g,0.6 g,124.0 g - 150 Cal
Khajing Akangbagi Kanghou,14.1 g,4.0 g,5.5 g,1.1 g,100.0 g - 125 Cal
Gosht Akhni,15.6 g,4.0 g,15.5 g,0.4 g,150.0 g - 217 Cal
Meat Akhnee,5.6 g,9.3 g,4.6 g,0.8 g,124.0 g - 98 Cal
Ankurit Moong Kanji,5.3 g,20.7 g,5.1 g,0.8 g,150.0 g - 148 Cal
Akoori,6.4 g,4.6 g,10.7 g,1.0 g,91.4 g - 137 Cal
Akoume,3.5 g,38.0 g,0.4 g,1.0 g,200.0 g - 172 Cal
Akok Kedut,2.4 g,9.4 g,5.3 g,0.3 g,43.0 g - 92 Cal
Akok Berlauk,10.0 g,17.5 g,17.6 g,2.0 g,114.0 g - 260 Cal
Kuih Akok,2.4 g,9.4 g,5.3 g,0.3 g,43.0 g - 92 Cal
Terengganu Akok,2.8 g,8.4 g,6.1 g,0.0 g,35.0 g - 94 Cal
Kuih Akok Berlauk,10.0 g,17.5 g,17.6 g,2.0 g,114.0 g - 260 Cal
"Ready to Drink Apple Cider Vinegar, Akiva",0.1 g,4.7 g,0.0 g,0.0 g,40.0 ml - 19 Cal
Akhrot aur Gud,0.9 g,9.4 g,3.7 g,0.4 g,15.0 g - 75 Cal
Doodh aur Akhrot,8.8 g,11.4 g,14.0 g,0.4 g,250.0 ml - 206 Cal
Til Akhrot aur Shakar,0.7 g,1.6 g,2.4 g,0.4 g,5.0 g - 30 Cal
Akhrot aur Khajur Bar,1.9 g,11.9 g,5.5 g,1.5 g,30.0 g - 104 Cal
"Cow Ghee, Akshayakalpa",0.0 g,0.0 g,3.1 g,0.0 g,3.1 g - 28 Cal
Assam Laksa Paste,0.5 g,1.1 g,0.0 g,0.0 g,5.0 g - 7 Cal
"Organic Cow Milk, Akshayakalpa",8.8 g,11.8 g,8.0 g,0.0 g,250.0 ml - 151 Cal
"Organic Cow Ghee, Akshayakalpa",0.0 g,0.0 g,3.1 g,0.0 g,3.1 g - 28 Cal
"Ragi Dosa Batter, Akshayakalpa",5.9 g,57.8 g,1.4 g,0.0 g,225.0 g - 266 Cal
"Dosa Batter, Ragi, Akshayakalpa",5.9 g,57.8 g,1.4 g,0.0 g,225.0 g - 266 Cal
"Organic Slim Milk, Akshayakalpa",7.8 g,12.5 g,1.3 g,0.0 g,250.0 ml - 92 Cal
"Lactose Free Milk, Akshayakalpa",8.8 g,12.0 g,8.0 g,0.0 g,250.0 ml - 151 Cal
"Akta Grekisk Yoghurt, 0% Fett, Larsa Foods",24.5 g,11.0 g,0.0 g,0.0 g,245.0 g - 142 Cal
Aktual High Protein Caramel Crunch Bar,20.0 g,24.6 g,10.8 g,13.6 g,65.0 g - 224 Cal
Aktual All Natural Trail Mix Protein Bar,12.0 g,26.4 g,11.2 g,2.3 g,60.0 g - 248 Cal
"Akta Plain Non-Fat Greek Yoghurt, Larsa Foods",24.5 g,11.0 g,0.0 g,0.0 g,245.0 g - 142 Cal
Aktual All Natural Chocolate Fudge Protein Bar,12.0 g,29.1 g,8.2 g,3.0 g,60.0 g - 229 Cal
Kathal Atta Dosa,1.5 g,11.2 g,5.6 g,2.1 g,60.0 g - 101 Cal
Singhara Atta Katli,1.1 g,15.0 g,1.6 g,0.3 g,60.0 g - 78 Cal
Akukura Pappu,5.5 g,15.3 g,3.5 g,3.0 g,150.0 g - 114 Cal
Akuri Pattice,2.2 g,8.4 g,6.2 g,0.7 g,50.0 g - 97 Cal
Akuri na Patties,2.2 g,8.4 g,6.2 g,0.7 g,50.0 g - 97 Cal
Bobbarlu Aku,0.1 g,0.1 g,0.0 g,0.0 g,3.0 g - 1 Cal
Telagapindi Aku Pesarapappu,6.4 g,17.8 g,2.4 g,2.3 g,100.0 g - 120 Cal
Telagapindi Aku Kandipappu,5.1 g,15.1 g,3.6 g,2.2 g,100.0 g - 114 Cal
"Aloe Vera Glow Shot, aKiva",0.1 g,4.3 g,0.0 g,0.0 g,40.0 ml - 18 Cal
"Masala Jaggery Candy, akiva",0.1 g,3.7 g,0.0 g,0.0 g,5.0 g - 15 Cal
"Matcha Peanut Butter, Akiva",1.5 g,1.0 g,2.4 g,0.5 g,5.3 g - 31 Cal
Avarekaalu Akki Rotti,3.7 g,20.0 g,5.9 g,1.1 g,80.0 g - 147 Cal
"Cinnamon Jaggery Candy, akiva",0.0 g,3.8 g,0.0 g,0.0 g,5.0 g - 15 Cal
Akwukwo Ugwu,1.0 g,1.6 g,0.6 g,0.6 g,1.00 oz - 17 Cal
Ofe Akwu,25.7 g,6.5 g,18.4 g,1.6 g,250.0 g - 292 Cal
Bakwan Kawi,15.1 g,29.8 g,8.5 g,1.9 g,250.0 g - 259 Cal
"Grape Molasses, Alwadi Al Akhdar",0.0 g,4.7 g,0.0 g,0.0 g,6.0 g - 19 Cal
Ala Dosi,1.0 g,11.8 g,1.1 g,0.2 g,40.0 g - 60 Cal
Ala Bola,1.1 g,7.0 g,6.1 g,0.9 g,40.0 g - 87 Cal
Ala Hodi,4.1 g,34.0 g,13.7 g,5.6 g,250.0 g - 266 Cal
Ala Thel Dala,2.1 g,22.9 g,7.7 g,2.2 g,166.0 g - 168 Cal
Aladu,0.5 g,7.3 g,0.3 g,1.9 g,66.0 g - 34 Cal
Alambe,0.3 g,0.3 g,0.0 g,0.1 g,10.0 g - 2 Cal
Alavang,1.2 g,8.5 g,4.4 g,1.1 g,25.0 g - 79 Cal
Alaichi,0.2 g,0.9 g,0.1 g,0.5 g,2.0 g - 5 Cal
Albume,3.6 g,0.3 g,0.1 g,0.0 g,33.0 g - 17 Cal
Alboori,1.6 g,18.0 g,4.0 g,0.5 g,30.0 g - 113 Cal
Albakara,0.5 g,7.5 g,0.2 g,0.9 g,66.0 g - 30 Cal
Albus de ou Fiert,3.6 g,0.2 g,0.2 g,0.0 g,32.0 g - 17 Cal
Albondigas Soup,12.3 g,11.5 g,8.5 g,3.3 g,250.0 g - 173 Cal
Albanian Pancake,11.6 g,76.7 g,30.1 g,2.8 g,242.0 g - 629 Cal
Albanian Style Liver,14.5 g,5.0 g,6.5 g,1.0 g,100.0 g - 134 Cal
"Albela Pyaz, Prakash Namkeen",3.3 g,11.1 g,11.7 g,0.0 g,28.3 g - 162 Cal
"Alcoholic beverage, wine, table, all",0.1 g,4.0 g,0.0 g,0.0 g,148.0 ml - 123 Cal
"Alcoholic Aperitif 45% Alcohol, Pastis",0.0 g,0.0 g,0.0 g,0.0 g,40.0 ml - 106 Cal
"Alcoholic Beverage, Beer, Regular, All",1.6 g,12.6 g,0.0 g,0.0 g,356.0 ml - 153 Cal
"Alcohol, Campari",0.0 g,8.0 g,0.0 g,0.0 g,28.0 ml - 80 Cal
Alcohol Free Beer,1.3 g,8.6 g,0.0 g,0.0 g,330.0 ml - 145 Cal
Alcoholic Popsicle,0.1 g,20.3 g,0.1 g,0.1 g,104.0 g - 104 Cal
Alcoholic Beverage,0.0 g,0.1 g,0.0 g,0.0 g,42.0 ml - 105 Cal
Alcachofa con Verduras,3.2 g,15.5 g,2.3 g,4.8 g,150.0 g - 94 Cal
"Aldi Sports Protein Cookie, Chocolate Chip, Aldi",19.0 g,38.0 g,8.0 g,2.4 g,80.0 g - 275 Cal
"Harvest Morn Fruit and Fibre, Aldi",0.6 g,4.0 g,0.4 g,0.5 g,6.0 g - 23 Cal
"GoldenVale Fruit and Nut Muesli, Aldi",6.4 g,21.5 g,12.1 g,6.2 g,50.0 g - 232 Cal
"Duneen Dairy No Added Sugar 0% Fat Natural Irish Yogurt, Aldi",6.0 g,9.8 g,0.5 g,0.0 g,125.0 g - 68 Cal
"Duneen Dairy No Added Sugar Natural Irish Yogurt, 0% Fat, Aldi",6.0 g,9.8 g,0.5 g,0.0 g,125.0 g - 68 Cal
"Nature's Pick Sweet and Crunchy Salad, Aldi",4.1 g,11.2 g,2.4 g,5.1 g,340.0 g - 92 Cal
"Almond Milk Chocolate, No Added Sugar, Alfredo",2.2 g,12.2 g,9.6 g,0.9 g,25.0 g - 127 Cal
"No Added Sugar Almond Milk Chocolate, Alfredo",2.2 g,12.2 g,9.6 g,0.9 g,25.0 g - 127 Cal
Ale,0.1 g,0.3 g,0.0 g,0.1 g,2.0 g - 1 Cal
"Ale of Grapefruits, Gunsberg",0.0 g,26.5 g,0.0 g,0.0 g,325.0 ml - 106 Cal
"Ale81 Soft Drink, The Original, Ale-8-One",0.0 g,30.0 g,0.0 g,0.0 g,354.0 ml - 120 Cal
Alepak,0.2 g,12.4 g,0.4 g,0.4 g,20.0 g - 52 Cal
Aleepak,4.2 g,21.1 g,3.0 g,0.8 g,50.0 g - 127 Cal
Alembong,0.0 g,0.0 g,0.0 g,0.0 g,1.0 g - 0 Cal
"Alesto Almonds, Lidl",7.4 g,1.5 g,16.0 g,3.6 g,30.0 g - 186 Cal
Alexander Kebab,19.9 g,35.3 g,27.1 g,3.4 g,280.0 g - 464 Cal
Alface,0.5 g,0.6 g,0.1 g,0.3 g,24.0 g - 5 Cal
Alfajor,0.8 g,12.6 g,2.7 g,0.1 g,20.0 g - 78 Cal
Alfredo Oats,10.6 g,17.8 g,8.8 g,2.9 g,216.0 g - 193 Cal
Alfam Chicken,19.7 g,2.2 g,7.2 g,1.0 g,110.0 g - 156 Cal
Alfredo Pasta,12.1 g,39.0 g,24.7 g,1.5 g,216.0 g - 425 Cal
Alfaham Dejaj,19.7 g,2.2 g,7.2 g,1.0 g,110.0 g - 156 Cal
Alfredo Sauce,27.7 g,7.7 g,82.0 g,0.4 g,250.0 g - 881 Cal
Alfalfa Seeds,0.7 g,0.3 g,0.2 g,0.3 g,3.7 g - 4 Cal
Algerian Coca,4.0 g,25.8 g,11.6 g,1.8 g,100.0 g - 225 Cal
Algarve Salad,1.5 g,4.2 g,1.0 g,1.6 g,83.0 g - 31 Cal
Algerian Dates,0.2 g,5.3 g,0.0 g,0.6 g,7.1 g - 20 Cal
Algerian Bread,10.2 g,73.3 g,10.7 g,3.8 g,140.0 g - 430 Cal
Algerian Chorba,12.3 g,24.9 g,7.4 g,3.6 g,250.0 g - 215 Cal
Algerienne Sauce,0.1 g,0.8 g,2.1 g,0.1 g,5.0 g - 22 Cal
Algerian Karantika,0.6 g,1.4 g,0.9 g,0.3 g,15.0 g - 16 Cal
Algerian Chakhchoukha,41.4 g,108.1 g,4.9 g,7.5 g,494.0 g - 649 Cal
Achari Aloo,1.2 g,15.6 g,4.6 g,1.5 g,100.0 g - 108 Cal
"Almond Drink, Alt Co.",2.5 g,9.3 g,12.5 g,0.0 g,250.0 ml - 175 Cal
Aloo ka Achaar,0.1 g,0.8 g,0.5 g,0.1 g,5.0 g - 8 Cal
Humus Alsham,6.6 g,25.4 g,2.1 g,10.7 g,250.0 g - 144 Cal
Aloha Salmon,23.8 g,3.9 g,7.6 g,1.1 g,166.0 g - 183 Cal
Alphagetti,9.4 g,40.0 g,4.0 g,2.8 g,250.0 g - 232 Cal
Ali vidai,0.5 g,0.7 g,0.9 g,0.7 g,2.5 g - 13 Cal
Ali Vitai Valai Pazha Milkshake,6.2 g,37.0 g,7.0 g,2.9 g,250.0 ml - 234 Cal
"Alicafe 5 dalam 1 Kopi Pracampur,  Tongkat Ali dan Ginseng, Power Root",0.8 g,22.5 g,3.6 g,0.0 g,30.0 g - 126 Cal
"Alicafe 5 in 1 Instant Premix Coffee Drink, Tongkat Ali and Ginseng, Power Root",0.8 g,22.5 g,3.6 g,0.0 g,30.0 g - 126 Cal
Alipak,4.2 g,21.1 g,3.0 g,0.8 g,50.0 g - 127 Cal
Alivirai,0.1 g,0.1 g,0.0 g,0.0 g,1.0 g - 1 Cal
Aliv Seed,2.3 g,3.0 g,2.2 g,1.1 g,9.0 g - 41 Cal
Aliv Ladoo,1.8 g,11.3 g,5.5 g,2.0 g,30.0 g - 102 Cal
Anjeer Aloo Sabji,1.9 g,19.8 g,3.7 g,2.9 g,150.0 g - 116 Cal
Aloo Anjeer Curry,1.7 g,17.4 g,3.6 g,2.8 g,150.0 g - 104 Cal
"Sebastes Alutus, All Fish",34.0 g,0.0 g,2.6 g,0.0 g,200.0 g - 160 Cal
All Natural Almond Butter,4.0 g,2.4 g,9.0 g,1.6 g,16.0 g - 105 Cal
Alkaline Water,0.0 g,0.0 g,0.0 g,0.0 g,250.0 ml - 0 Cal
Alkagizer Mild,0.9 g,22.9 g,0.9 g,5.6 g,250.0 ml - 102 Cal
Alkagizer Prime,3.0 g,5.4 g,6.7 g,5.0 g,250.0 ml - 90 Cal
"Alka Pro, Nutrirem",4.2 g,10.1 g,0.9 g,0.0 g,20.0 g - 53 Cal
Alkaline Kee Chang,6.2 g,62.1 g,2.1 g,1.5 g,142.8 g - 293 Cal
"Alkaline Spring Water, Ten",0.0 g,0.0 g,0.0 g,0.0 g,250.0 ml - 0 Cal
Alkaline Vegetable Curry,2.9 g,11.6 g,6.9 g,3.4 g,150.0 g - 112 Cal
"Alkalizing Super Greens, Palak Notes",1.0 g,3.2 g,0.0 g,2.0 g,5.0 g - 21 Cal
All Bran Wheat Flakes,4.4 g,32.1 g,0.7 g,5.0 g,40.0 g - 143 Cal
"All Day Energy, Cosmix",0.1 g,2.6 g,0.0 g,0.0 g,3.0 g - 11 Cal
"All-Bran Buds, Kellogg's",2.1 g,24.0 g,0.7 g,12.9 g,30.0 g - 75 Cal
"All Good Bars, Nutcase",4.7 g,9.9 g,9.6 g,0.0 g,30.0 g - 144 Cal
Almond,0.3 g,0.3 g,0.6 g,0.2 g,1.2 g - 7 Cal
Almonds,0.3 g,0.3 g,0.6 g,0.2 g,1.2 g - 7 Cal
Almased,3.4 g,1.9 g,0.1 g,0.1 g,6.3 g - 23 Cal
Almendra,0.3 g,0.3 g,0.6 g,0.2 g,1.2 g - 7 Cal
